CREATE DATABASE  IF NOT EXISTS `glovo` /*!40100 DEFAULT CHARACTER SET utf8mb4 COLLATE utf8mb4_0900_ai_ci */ /*!80016 DEFAULT ENCRYPTION='N' */;
USE `glovo`;
-- MySQL dump 10.13  Distrib 8.0.38, for Win64 (x86_64)
--
-- Host: localhost    Database: glovo
-- ------------------------------------------------------
-- Server version	8.0.39

/*!40101 SET @OLD_CHARACTER_SET_CLIENT=@@CHARACTER_SET_CLIENT */;
/*!40101 SET @OLD_CHARACTER_SET_RESULTS=@@CHARACTER_SET_RESULTS */;
/*!40101 SET @OLD_COLLATION_CONNECTION=@@COLLATION_CONNECTION */;
/*!50503 SET NAMES utf8 */;
/*!40103 SET @OLD_TIME_ZONE=@@TIME_ZONE */;
/*!40103 SET TIME_ZONE='+00:00' */;
/*!40014 SET @OLD_UNIQUE_CHECKS=@@UNIQUE_CHECKS, UNIQUE_CHECKS=0 */;
/*!40014 SET @OLD_FOREIGN_KEY_CHECKS=@@FOREIGN_KEY_CHECKS, FOREIGN_KEY_CHECKS=0 */;
/*!40101 SET @OLD_SQL_MODE=@@SQL_MODE, SQL_MODE='NO_AUTO_VALUE_ON_ZERO' */;
/*!40111 SET @OLD_SQL_NOTES=@@SQL_NOTES, SQL_NOTES=0 */;

--
-- Table structure for table `dim_date`
--

DROP TABLE IF EXISTS `dim_date`;
/*!40101 SET @saved_cs_client     = @@character_set_client */;
/*!50503 SET character_set_client = utf8mb4 */;
CREATE TABLE `dim_date` (
  `date` date NOT NULL,
  `week` varchar(50) DEFAULT NULL,
  PRIMARY KEY (`date`),
  KEY `week` (`week`),
  CONSTRAINT `dim_date_ibfk_1` FOREIGN KEY (`week`) REFERENCES `dim_time` (`week`)
) ENGINE=InnoDB DEFAULT CHARSET=utf8mb4 COLLATE=utf8mb4_0900_ai_ci;
/*!40101 SET character_set_client = @saved_cs_client */;

--
-- Dumping data for table `dim_date`
--

LOCK TABLES `dim_date` WRITE;
/*!40000 ALTER TABLE `dim_date` DISABLE KEYS */;
INSERT INTO `dim_date` VALUES ('2021-04-01','2021-13'),('2021-04-02','2021-13'),('2021-04-03','2021-13'),('2021-04-04','2021-13'),('2021-04-05','2021-14'),('2021-04-06','2021-14'),('2021-04-07','2021-14'),('2021-04-08','2021-14'),('2021-04-09','2021-14'),('2021-04-10','2021-14'),('2021-04-11','2021-14'),('2021-04-12','2021-15'),('2021-04-13','2021-15'),('2021-04-14','2021-15'),('2021-04-15','2021-15'),('2021-04-16','2021-15'),('2021-04-17','2021-15'),('2021-04-18','2021-15'),('2021-04-19','2021-16'),('2021-04-20','2021-16'),('2021-04-21','2021-16'),('2021-04-22','2021-16'),('2021-04-23','2021-16'),('2021-04-24','2021-16'),('2021-04-25','2021-16'),('2021-04-26','2021-17'),('2021-04-27','2021-17'),('2021-04-28','2021-17'),('2021-04-29','2021-17'),('2021-04-30','2021-17'),('2021-05-01','2021-17'),('2021-05-02','2021-17'),('2021-05-03','2021-18'),('2021-05-04','2021-18'),('2021-05-05','2021-18'),('2021-05-06','2021-18'),('2021-05-07','2021-18'),('2021-05-08','2021-18'),('2021-05-09','2021-18'),('2021-05-10','2021-19'),('2021-05-11','2021-19'),('2021-05-12','2021-19'),('2021-05-13','2021-19'),('2021-05-14','2021-19'),('2021-05-15','2021-19'),('2021-05-16','2021-19'),('2021-05-17','2021-20'),('2021-05-18','2021-20'),('2021-05-19','2021-20'),('2021-05-20','2021-20'),('2021-05-21','2021-20'),('2021-05-22','2021-20'),('2021-05-23','2021-20'),('2021-05-24','2021-21'),('2021-05-25','2021-21'),('2021-05-26','2021-21'),('2021-05-27','2021-21'),('2021-05-28','2021-21'),('2021-05-29','2021-21'),('2021-05-30','2021-21'),('2021-05-31','2021-22'),('2021-06-01','2021-22'),('2021-06-02','2021-22'),('2021-06-03','2021-22'),('2021-06-04','2021-22'),('2021-06-05','2021-22'),('2021-06-06','2021-22'),('2021-06-07','2021-23'),('2021-06-08','2021-23'),('2021-06-09','2021-23'),('2021-06-10','2021-23'),('2021-06-11','2021-23'),('2021-06-12','2021-23'),('2021-06-13','2021-23'),('2021-06-14','2021-24'),('2021-06-15','2021-24'),('2021-06-16','2021-24'),('2021-06-17','2021-24'),('2021-06-18','2021-24'),('2021-06-19','2021-24'),('2021-06-20','2021-24'),('2021-06-21','2021-25'),('2021-06-22','2021-25'),('2021-06-23','2021-25'),('2021-06-24','2021-25'),('2021-06-25','2021-25'),('2021-06-26','2021-25'),('2021-06-27','2021-25'),('2021-06-28','2021-26');
/*!40000 ALTER TABLE `dim_date` ENABLE KEYS */;
UNLOCK TABLES;

--
-- Table structure for table `dim_order`
--

DROP TABLE IF EXISTS `dim_order`;
/*!40101 SET @saved_cs_client     = @@character_set_client */;
/*!50503 SET character_set_client = utf8mb4 */;
CREATE TABLE `dim_order` (
  `order_id` int NOT NULL,
  `store_code` varchar(50) DEFAULT NULL,
  PRIMARY KEY (`order_id`),
  KEY `store_code` (`store_code`),
  CONSTRAINT `dim_order_ibfk_1` FOREIGN KEY (`store_code`) REFERENCES `dim_store` (`store_code`)
) ENGINE=InnoDB DEFAULT CHARSET=utf8mb4 COLLATE=utf8mb4_0900_ai_ci;
/*!40101 SET character_set_client = @saved_cs_client */;

--
-- Dumping data for table `dim_order`
--

LOCK TABLES `dim_order` WRITE;
/*!40000 ALTER TABLE `dim_order` DISABLE KEYS */;
INSERT INTO `dim_order` VALUES (10,'105408'),(20,'105408'),(26,'105408'),(41,'105408'),(59,'105408'),(67,'105408'),(78,'105408'),(91,'105408'),(107,'105408'),(115,'105408'),(131,'105408'),(142,'105408'),(150,'105408'),(167,'105408'),(182,'105408'),(189,'105408'),(206,'105408'),(221,'105408'),(227,'105408'),(245,'105408'),(253,'105408'),(263,'105408'),(283,'105408'),(297,'105408'),(300,'105408'),(317,'105408'),(326,'105408'),(343,'105408'),(359,'105408'),(367,'105408'),(379,'105408'),(397,'105408'),(408,'105408'),(416,'105408'),(433,'105408'),(444,'105408'),(450,'105408'),(471,'105408'),(474,'105408'),(491,'105408'),(503,'105408'),(511,'105408'),(524,'105408'),(538,'105408'),(552,'105408'),(563,'105408'),(582,'105408'),(596,'105408'),(612,'105408'),(620,'105408'),(635,'105408'),(651,'105408'),(663,'105408'),(677,'105408'),(688,'105408'),(695,'105408'),(714,'105408'),(730,'105408'),(741,'105408'),(756,'105408'),(759,'105408'),(772,'105408'),(794,'105408'),(804,'105408'),(819,'105408'),(828,'105408'),(840,'105408'),(849,'105408'),(864,'105408'),(875,'105408'),(895,'105408'),(899,'105408'),(916,'105408'),(926,'105408'),(946,'105408'),(957,'105408'),(971,'105408'),(980,'105408'),(996,'105408'),(999,'105408'),(1015,'105408'),(1022,'105408'),(1038,'105408'),(1054,'105408'),(1065,'105408'),(1081,'105408'),(1088,'105408'),(1105,'105408'),(1112,'105408'),(4,'205036'),(19,'205036'),(31,'205036'),(43,'205036'),(63,'205036'),(66,'205036'),(109,'205036'),(124,'205036'),(139,'205036'),(149,'205036'),(163,'205036'),(179,'205036'),(191,'205036'),(215,'205036'),(235,'205036'),(236,'205036'),(250,'205036'),(272,'205036'),(285,'205036'),(288,'205036'),(305,'205036'),(321,'205036'),(327,'205036'),(341,'205036'),(352,'205036'),(369,'205036'),(376,'205036'),(392,'205036'),(401,'205036'),(418,'205036'),(435,'205036'),(458,'205036'),(464,'205036'),(481,'205036'),(492,'205036'),(507,'205036'),(541,'205036'),(564,'205036'),(579,'205036'),(593,'205036'),(603,'205036'),(616,'205036'),(639,'205036'),(655,'205036'),(675,'205036'),(684,'205036'),(696,'205036'),(712,'205036'),(728,'205036'),(745,'205036'),(747,'205036'),(763,'205036'),(778,'205036'),(788,'205036'),(803,'205036'),(813,'205036'),(829,'205036'),(835,'205036'),(854,'205036'),(870,'205036'),(880,'205036'),(892,'205036'),(909,'205036'),(924,'205036'),(929,'205036'),(949,'205036'),(960,'205036'),(968,'205036'),(983,'205036'),(985,'205036'),(998,'205036'),(1011,'205036'),(1034,'205036'),(1042,'205036'),(1050,'205036'),(1063,'205036'),(1084,'205036'),(1087,'205036'),(1101,'205036'),(1109,'205036'),(7,'248266'),(25,'248266'),(33,'248266'),(47,'248266'),(51,'248266'),(74,'248266'),(86,'248266'),(89,'248266'),(100,'248266'),(118,'248266'),(133,'248266'),(143,'248266'),(157,'248266'),(170,'248266'),(183,'248266'),(196,'248266'),(203,'248266'),(216,'248266'),(232,'248266'),(246,'248266'),(260,'248266'),(268,'248266'),(281,'248266'),(287,'248266'),(299,'248266'),(316,'248266'),(333,'248266'),(340,'248266'),(351,'248266'),(370,'248266'),(385,'248266'),(396,'248266'),(406,'248266'),(414,'248266'),(424,'248266'),(437,'248266'),(456,'248266'),(467,'248266'),(475,'248266'),(489,'248266'),(506,'248266'),(515,'248266'),(530,'248266'),(547,'248266'),(556,'248266'),(566,'248266'),(574,'248266'),(598,'248266'),(602,'248266'),(617,'248266'),(632,'248266'),(652,'248266'),(653,'248266'),(669,'248266'),(690,'248266'),(705,'248266'),(716,'248266'),(727,'248266'),(736,'248266'),(750,'248266'),(761,'248266'),(771,'248266'),(793,'248266'),(809,'248266'),(810,'248266'),(834,'248266'),(843,'248266'),(852,'248266'),(871,'248266'),(873,'248266'),(887,'248266'),(904,'248266'),(922,'248266'),(933,'248266'),(950,'248266'),(954,'248266'),(970,'248266'),(975,'248266'),(988,'248266'),(1000,'248266'),(1016,'248266'),(1025,'248266'),(1041,'248266'),(1052,'248266'),(1069,'248266'),(1078,'248266'),(1096,'248266'),(1098,'248266'),(1113,'248266'),(9,'259875'),(18,'259875'),(30,'259875'),(48,'259875'),(56,'259875'),(64,'259875'),(81,'259875'),(90,'259875'),(101,'259875'),(114,'259875'),(132,'259875'),(144,'259875'),(158,'259875'),(173,'259875'),(177,'259875'),(192,'259875'),(200,'259875'),(211,'259875'),(225,'259875'),(241,'259875'),(257,'259875'),(269,'259875'),(278,'259875'),(292,'259875'),(306,'259875'),(315,'259875'),(331,'259875'),(336,'259875'),(358,'259875'),(366,'259875'),(381,'259875'),(387,'259875'),(403,'259875'),(415,'259875'),(431,'259875'),(446,'259875'),(455,'259875'),(466,'259875'),(484,'259875'),(490,'259875'),(500,'259875'),(520,'259875'),(525,'259875'),(542,'259875'),(549,'259875'),(560,'259875'),(578,'259875'),(600,'259875'),(604,'259875'),(623,'259875'),(633,'259875'),(646,'259875'),(658,'259875'),(673,'259875'),(692,'259875'),(707,'259875'),(711,'259875'),(722,'259875'),(742,'259875'),(746,'259875'),(758,'259875'),(777,'259875'),(791,'259875'),(802,'259875'),(818,'259875'),(823,'259875'),(844,'259875'),(850,'259875'),(863,'259875'),(881,'259875'),(889,'259875'),(906,'259875'),(912,'259875'),(928,'259875'),(938,'259875'),(956,'259875'),(963,'259875'),(978,'259875'),(992,'259875'),(1008,'259875'),(1014,'259875'),(1024,'259875'),(1045,'259875'),(1049,'259875'),(1072,'259875'),(1082,'259875'),(1093,'259875'),(1108,'259875'),(1119,'259875'),(21,'264651'),(35,'264651'),(40,'264651'),(62,'264651'),(72,'264651'),(79,'264651'),(99,'264651'),(103,'264651'),(130,'264651'),(140,'264651'),(154,'264651'),(172,'264651'),(208,'264651'),(214,'264651'),(223,'264651'),(248,'264651'),(251,'264651'),(265,'264651'),(284,'264651'),(289,'264651'),(309,'264651'),(314,'264651'),(332,'264651'),(339,'264651'),(356,'264651'),(365,'264651'),(386,'264651'),(410,'264651'),(419,'264651'),(426,'264651'),(438,'264651'),(451,'264651'),(463,'264651'),(483,'264651'),(493,'264651'),(514,'264651'),(533,'264651'),(543,'264651'),(558,'264651'),(576,'264651'),(591,'264651'),(626,'264651'),(640,'264651'),(650,'264651'),(666,'264651'),(671,'264651'),(691,'264651'),(698,'264651'),(708,'264651'),(723,'264651'),(738,'264651'),(748,'264651'),(767,'264651'),(783,'264651'),(792,'264651'),(799,'264651'),(822,'264651'),(827,'264651'),(845,'264651'),(851,'264651'),(861,'264651'),(884,'264651'),(896,'264651'),(900,'264651'),(915,'264651'),(927,'264651'),(948,'264651'),(962,'264651'),(967,'264651'),(974,'264651'),(994,'264651'),(1013,'264651'),(1033,'264651'),(1037,'264651'),(1053,'264651'),(1064,'264651'),(1077,'264651'),(1090,'264651'),(12,'264652'),(13,'264652'),(28,'264652'),(42,'264652'),(53,'264652'),(76,'264652'),(77,'264652'),(95,'264652'),(110,'264652'),(122,'264652'),(127,'264652'),(137,'264652'),(156,'264652'),(171,'264652'),(178,'264652'),(197,'264652'),(204,'264652'),(212,'264652'),(230,'264652'),(240,'264652'),(258,'264652'),(264,'264652'),(275,'264652'),(290,'264652'),(304,'264652'),(320,'264652'),(335,'264652'),(347,'264652'),(353,'264652'),(368,'264652'),(375,'264652'),(390,'264652'),(409,'264652'),(434,'264652'),(447,'264652'),(448,'264652'),(472,'264652'),(480,'264652'),(486,'264652'),(502,'264652'),(529,'264652'),(536,'264652'),(559,'264652'),(565,'264652'),(585,'264652'),(592,'264652'),(608,'264652'),(618,'264652'),(637,'264652'),(645,'264652'),(661,'264652'),(674,'264652'),(686,'264652'),(703,'264652'),(726,'264652'),(744,'264652'),(753,'264652'),(769,'264652'),(782,'264652'),(795,'264652'),(805,'264652'),(811,'264652'),(831,'264652'),(839,'264652'),(856,'264652'),(872,'264652'),(885,'264652'),(898,'264652'),(911,'264652'),(918,'264652'),(932,'264652'),(940,'264652'),(1006,'264652'),(1019,'264652'),(1023,'264652'),(1040,'264652'),(1051,'264652'),(1062,'264652'),(1097,'264652'),(1110,'264652'),(5,'34310'),(15,'34310'),(32,'34310'),(38,'34310'),(52,'34310'),(75,'34310'),(82,'34310'),(94,'34310'),(106,'34310'),(121,'34310'),(129,'34310'),(136,'34310'),(152,'34310'),(169,'34310'),(186,'34310'),(194,'34310'),(205,'34310'),(222,'34310'),(233,'34310'),(247,'34310'),(252,'34310'),(273,'34310'),(279,'34310'),(286,'34310'),(303,'34310'),(319,'34310'),(325,'34310'),(346,'34310'),(357,'34310'),(363,'34310'),(378,'34310'),(398,'34310'),(407,'34310'),(417,'34310'),(432,'34310'),(443,'34310'),(449,'34310'),(461,'34310'),(478,'34310'),(497,'34310'),(509,'34310'),(521,'34310'),(522,'34310'),(537,'34310'),(554,'34310'),(572,'34310'),(580,'34310'),(588,'34310'),(606,'34310'),(621,'34310'),(629,'34310'),(647,'34310'),(665,'34310'),(672,'34310'),(689,'34310'),(694,'34310'),(719,'34310'),(721,'34310'),(733,'34310'),(766,'34310'),(773,'34310'),(796,'34310'),(797,'34310'),(815,'34310'),(826,'34310'),(837,'34310'),(858,'34310'),(866,'34310'),(882,'34310'),(893,'34310'),(903,'34310'),(913,'34310'),(934,'34310'),(947,'34310'),(953,'34310'),(965,'34310'),(981,'34310'),(987,'34310'),(1003,'34310'),(1017,'34310'),(1027,'34310'),(1043,'34310'),(1048,'34310'),(1070,'34310'),(1074,'34310'),(1092,'34310'),(1102,'34310'),(1116,'34310'),(6,'46515'),(17,'46515'),(34,'46515'),(39,'46515'),(54,'46515'),(68,'46515'),(85,'46515'),(97,'46515'),(104,'46515'),(113,'46515'),(125,'46515'),(148,'46515'),(151,'46515'),(162,'46515'),(185,'46515'),(198,'46515'),(202,'46515'),(220,'46515'),(229,'46515'),(244,'46515'),(255,'46515'),(271,'46515'),(276,'46515'),(298,'46515'),(310,'46515'),(311,'46515'),(324,'46515'),(337,'46515'),(349,'46515'),(362,'46515'),(380,'46515'),(391,'46515'),(405,'46515'),(412,'46515'),(430,'46515'),(445,'46515'),(454,'46515'),(469,'46515'),(476,'46515'),(496,'46515'),(499,'46515'),(518,'46515'),(528,'46515'),(534,'46515'),(551,'46515'),(568,'46515'),(583,'46515'),(587,'46515'),(609,'46515'),(614,'46515'),(628,'46515'),(641,'46515'),(654,'46515'),(678,'46515'),(685,'46515'),(700,'46515'),(718,'46515'),(732,'46515'),(734,'46515'),(754,'46515'),(764,'46515'),(774,'46515'),(790,'46515'),(798,'46515'),(821,'46515'),(825,'46515'),(847,'46515'),(859,'46515'),(869,'46515'),(874,'46515'),(890,'46515'),(908,'46515'),(920,'46515'),(925,'46515'),(943,'46515'),(952,'46515'),(966,'46515'),(984,'46515'),(991,'46515'),(1001,'46515'),(1010,'46515'),(1032,'46515'),(1039,'46515'),(1058,'46515'),(1068,'46515'),(1076,'46515'),(1089,'46515'),(1100,'46515'),(1117,'46515'),(11,'61499'),(24,'61499'),(37,'61499'),(50,'61499'),(55,'61499'),(71,'61499'),(87,'61499'),(96,'61499'),(102,'61499'),(123,'61499'),(134,'61499'),(141,'61499'),(161,'61499'),(166,'61499'),(181,'61499'),(193,'61499'),(209,'61499'),(218,'61499'),(228,'61499'),(243,'61499'),(256,'61499'),(262,'61499'),(277,'61499'),(296,'61499'),(308,'61499'),(318,'61499'),(330,'61499'),(338,'61499'),(354,'61499'),(373,'61499'),(374,'61499'),(388,'61499'),(404,'61499'),(411,'61499'),(428,'61499'),(442,'61499'),(459,'61499'),(473,'61499'),(479,'61499'),(495,'61499'),(508,'61499'),(517,'61499'),(531,'61499'),(540,'61499'),(550,'61499'),(562,'61499'),(575,'61499'),(590,'61499'),(613,'61499'),(619,'61499'),(627,'61499'),(649,'61499'),(662,'61499'),(670,'61499'),(682,'61499'),(706,'61499'),(710,'61499'),(729,'61499'),(740,'61499'),(755,'61499'),(760,'61499'),(781,'61499'),(785,'61499'),(801,'61499'),(820,'61499'),(830,'61499'),(841,'61499'),(857,'61499'),(867,'61499'),(877,'61499'),(891,'61499'),(901,'61499'),(921,'61499'),(936,'61499'),(944,'61499'),(959,'61499'),(973,'61499'),(993,'61499'),(1004,'61499'),(1009,'61499'),(1031,'61499'),(1036,'61499'),(1057,'61499'),(1071,'61499'),(1083,'61499'),(1095,'61499'),(1107,'61499'),(1111,'61499'),(3,'65231'),(14,'65231'),(29,'65231'),(44,'65231'),(57,'65231'),(69,'65231'),(84,'65231'),(93,'65231'),(108,'65231'),(116,'65231'),(128,'65231'),(138,'65231'),(160,'65231'),(164,'65231'),(180,'65231'),(187,'65231'),(201,'65231'),(219,'65231'),(226,'65231'),(237,'65231'),(254,'65231'),(270,'65231'),(282,'65231'),(293,'65231'),(301,'65231'),(322,'65231'),(334,'65231'),(342,'65231'),(360,'65231'),(371,'65231'),(377,'65231'),(395,'65231'),(402,'65231'),(421,'65231'),(425,'65231'),(436,'65231'),(452,'65231'),(462,'65231'),(485,'65231'),(494,'65231'),(510,'65231'),(512,'65231'),(523,'65231'),(546,'65231'),(555,'65231'),(567,'65231'),(584,'65231'),(589,'65231'),(605,'65231'),(625,'65231'),(630,'65231'),(648,'65231'),(659,'65231'),(667,'65231'),(680,'65231'),(699,'65231'),(717,'65231'),(731,'65231'),(739,'65231'),(752,'65231'),(762,'65231'),(776,'65231'),(784,'65231'),(808,'65231'),(812,'65231'),(832,'65231'),(836,'65231'),(853,'65231'),(860,'65231'),(883,'65231'),(886,'65231'),(902,'65231'),(923,'65231'),(930,'65231'),(939,'65231'),(958,'65231'),(964,'65231'),(979,'65231'),(986,'65231'),(1002,'65231'),(1018,'65231'),(1029,'65231'),(1046,'65231'),(1056,'65231'),(1066,'65231'),(1079,'65231'),(1086,'65231'),(1106,'65231'),(1115,'65231'),(1,'66944'),(22,'66944'),(27,'66944'),(46,'66944'),(60,'66944'),(73,'66944'),(83,'66944'),(92,'66944'),(111,'66944'),(120,'66944'),(126,'66944'),(147,'66944'),(155,'66944'),(174,'66944'),(176,'66944'),(188,'66944'),(199,'66944'),(217,'66944'),(234,'66944'),(239,'66944'),(261,'66944'),(266,'66944'),(280,'66944'),(291,'66944'),(307,'66944'),(323,'66944'),(329,'66944'),(344,'66944'),(348,'66944'),(364,'66944'),(384,'66944'),(389,'66944'),(399,'66944'),(413,'66944'),(423,'66944'),(441,'66944'),(453,'66944'),(470,'66944'),(477,'66944'),(488,'66944'),(505,'66944'),(516,'66944'),(526,'66944'),(539,'66944'),(548,'66944'),(561,'66944'),(581,'66944'),(599,'66944'),(607,'66944'),(636,'66944'),(644,'66944'),(657,'66944'),(668,'66944'),(693,'66944'),(697,'66944'),(709,'66944'),(725,'66944'),(737,'66944'),(757,'66944'),(770,'66944'),(780,'66944'),(787,'66944'),(806,'66944'),(814,'66944'),(838,'66944'),(855,'66944'),(865,'66944'),(879,'66944'),(888,'66944'),(907,'66944'),(919,'66944'),(937,'66944'),(941,'66944'),(951,'66944'),(972,'66944'),(977,'66944'),(995,'66944'),(997,'66944'),(1020,'66944'),(1028,'66944'),(1047,'66944'),(1060,'66944'),(1061,'66944'),(1073,'66944'),(1094,'66944'),(1103,'66944'),(1118,'66944'),(544,'7053'),(557,'7053'),(571,'7053'),(573,'7053'),(597,'7053'),(611,'7053'),(615,'7053'),(634,'7053'),(642,'7053'),(660,'7053'),(676,'7053'),(683,'7053'),(704,'7053'),(715,'7053'),(2,'74118'),(23,'74118'),(49,'74118'),(58,'74118'),(70,'74118'),(80,'74118'),(98,'74118'),(105,'74118'),(117,'74118'),(135,'74118'),(145,'74118'),(159,'74118'),(165,'74118'),(184,'74118'),(190,'74118'),(213,'74118'),(231,'74118'),(242,'74118'),(249,'74118'),(295,'74118'),(312,'74118'),(355,'74118'),(361,'74118'),(382,'74118'),(393,'74118'),(420,'74118'),(429,'74118'),(439,'74118'),(460,'74118'),(465,'74118'),(487,'74118'),(504,'74118'),(513,'74118'),(527,'74118'),(535,'74118'),(570,'74118'),(586,'74118'),(595,'74118'),(610,'74118'),(622,'74118'),(631,'74118'),(664,'74118'),(681,'74118'),(701,'74118'),(720,'74118'),(724,'74118'),(735,'74118'),(749,'74118'),(768,'74118'),(779,'74118'),(786,'74118'),(800,'74118'),(817,'74118'),(824,'74118'),(846,'74118'),(848,'74118'),(868,'74118'),(876,'74118'),(897,'74118'),(910,'74118'),(914,'74118'),(935,'74118'),(945,'74118'),(961,'74118'),(969,'74118'),(982,'74118'),(989,'74118'),(1005,'74118'),(1012,'74118'),(1030,'74118'),(1044,'74118'),(1055,'74118'),(1067,'74118'),(1080,'74118'),(1085,'74118'),(1104,'74118'),(1114,'74118'),(8,'74119'),(16,'74119'),(36,'74119'),(45,'74119'),(61,'74119'),(65,'74119'),(88,'74119'),(112,'74119'),(119,'74119'),(146,'74119'),(153,'74119'),(168,'74119'),(175,'74119'),(195,'74119'),(207,'74119'),(210,'74119'),(224,'74119'),(238,'74119'),(259,'74119'),(267,'74119'),(274,'74119'),(294,'74119'),(302,'74119'),(313,'74119'),(328,'74119'),(345,'74119'),(350,'74119'),(372,'74119'),(383,'74119'),(394,'74119'),(400,'74119'),(422,'74119'),(427,'74119'),(440,'74119'),(457,'74119'),(468,'74119'),(482,'74119'),(498,'74119'),(501,'74119'),(519,'74119'),(532,'74119'),(545,'74119'),(553,'74119'),(569,'74119'),(577,'74119'),(594,'74119'),(601,'74119'),(624,'74119'),(638,'74119'),(643,'74119'),(656,'74119'),(679,'74119'),(687,'74119'),(702,'74119'),(713,'74119'),(743,'74119'),(751,'74119'),(765,'74119'),(775,'74119'),(789,'74119'),(807,'74119'),(816,'74119'),(833,'74119'),(842,'74119'),(862,'74119'),(878,'74119'),(894,'74119'),(905,'74119'),(917,'74119'),(931,'74119'),(942,'74119'),(955,'74119'),(976,'74119'),(990,'74119'),(1007,'74119'),(1021,'74119'),(1026,'74119'),(1035,'74119'),(1059,'74119'),(1075,'74119'),(1091,'74119'),(1099,'74119');
/*!40000 ALTER TABLE `dim_order` ENABLE KEYS */;
UNLOCK TABLES;

--
-- Table structure for table `dim_store`
--

DROP TABLE IF EXISTS `dim_store`;
/*!40101 SET @saved_cs_client     = @@character_set_client */;
/*!50503 SET character_set_client = utf8mb4 */;
CREATE TABLE `dim_store` (
  `store_code` varchar(50) NOT NULL,
  `city` varchar(50) DEFAULT NULL,
  PRIMARY KEY (`store_code`)
) ENGINE=InnoDB DEFAULT CHARSET=utf8mb4 COLLATE=utf8mb4_0900_ai_ci;
/*!40101 SET character_set_client = @saved_cs_client */;

--
-- Dumping data for table `dim_store`
--

LOCK TABLES `dim_store` WRITE;
/*!40000 ALTER TABLE `dim_store` DISABLE KEYS */;
INSERT INTO `dim_store` VALUES ('105408','MAD'),('205036','MAD'),('248266','BCN'),('259875','BCN'),('264651','BCN'),('264652','BCN'),('34310','MAD'),('46515','MAD'),('61499','MAD'),('65231','BCN'),('66944','BCN'),('7053','MAD'),('74118','BCN'),('74119','MAD');
/*!40000 ALTER TABLE `dim_store` ENABLE KEYS */;
UNLOCK TABLES;

--
-- Table structure for table `dim_time`
--

DROP TABLE IF EXISTS `dim_time`;
/*!40101 SET @saved_cs_client     = @@character_set_client */;
/*!50503 SET character_set_client = utf8mb4 */;
CREATE TABLE `dim_time` (
  `week` varchar(50) NOT NULL,
  `month` int DEFAULT NULL,
  `year` int DEFAULT NULL,
  PRIMARY KEY (`week`),
  KEY `week` (`week`)
) ENGINE=InnoDB DEFAULT CHARSET=utf8mb4 COLLATE=utf8mb4_0900_ai_ci;
/*!40101 SET character_set_client = @saved_cs_client */;

--
-- Dumping data for table `dim_time`
--

LOCK TABLES `dim_time` WRITE;
/*!40000 ALTER TABLE `dim_time` DISABLE KEYS */;
INSERT INTO `dim_time` VALUES ('2021-13',3,2021),('2021-14',4,2021),('2021-15',4,2021),('2021-16',4,2021),('2021-17',4,2021),('2021-18',5,2021),('2021-19',5,2021),('2021-20',5,2021),('2021-21',5,2021),('2021-22',5,2021),('2021-23',6,2021),('2021-24',6,2021),('2021-25',6,2021),('2021-26',6,2021);
/*!40000 ALTER TABLE `dim_time` ENABLE KEYS */;
UNLOCK TABLES;

--
-- Table structure for table `fact_cancellations`
--

DROP TABLE IF EXISTS `fact_cancellations`;
/*!40101 SET @saved_cs_client     = @@character_set_client */;
/*!50503 SET character_set_client = utf8mb4 */;
CREATE TABLE `fact_cancellations` (
  `store_code` varchar(50) DEFAULT NULL,
  `week` varchar(50) DEFAULT NULL,
  `customer_absent` int DEFAULT NULL,
  `partner_printer_issue` int DEFAULT NULL,
  `partner_product_unavailable` int DEFAULT NULL,
  `store_closed` int DEFAULT NULL,
  `store_cant_deliver` int DEFAULT NULL,
  `refunds` float DEFAULT NULL,
  KEY `store_code` (`store_code`),
  KEY `week` (`week`),
  CONSTRAINT `fact_cancellations_ibfk_1` FOREIGN KEY (`store_code`) REFERENCES `dim_store` (`store_code`),
  CONSTRAINT `fact_cancellations_ibfk_2` FOREIGN KEY (`week`) REFERENCES `dim_time` (`week`)
) ENGINE=InnoDB DEFAULT CHARSET=utf8mb4 COLLATE=utf8mb4_0900_ai_ci;
/*!40101 SET character_set_client = @saved_cs_client */;

--
-- Dumping data for table `fact_cancellations`
--

LOCK TABLES `fact_cancellations` WRITE;
/*!40000 ALTER TABLE `fact_cancellations` DISABLE KEYS */;
INSERT INTO `fact_cancellations` VALUES ('105408','2021-13',0,0,0,0,0,13.1625),('248266','2021-13',0,0,0,0,0,19.089),('259875','2021-13',1,0,0,0,0,11.124),('259875','2021-13',0,0,0,0,0,13.164),('259875','2021-13',0,0,0,0,0,14.6475),('259875','2021-13',0,0,0,0,0,13.635),('264651','2021-13',1,0,0,0,1,18.837),('264651','2021-13',0,0,0,0,0,7.098),('264651','2021-13',0,0,0,0,0,7.251),('264652','2021-13',0,0,0,0,0,0),('34310','2021-13',0,0,0,0,0,0),('34310','2021-13',1,0,0,0,0,8.8695),('46515','2021-13',0,0,0,1,0,3.042),('61499','2021-13',0,0,0,0,0,0),('61499','2021-13',0,0,0,0,0,4.803),('74118','2021-13',0,0,0,0,0,0),('74119','2021-13',1,0,0,0,0,12.372),('105408','2021-14',0,0,0,0,0,0),('105408','2021-14',0,0,0,0,0,14.445),('205036','2021-14',0,0,0,0,0,0),('248266','2021-14',0,0,0,0,0,0),('259875','2021-14',0,0,0,0,0,11.646),('259875','2021-14',0,0,0,0,0,3.0375),('264652','2021-14',0,0,0,0,0,0),('264652','2021-14',0,0,0,0,0,15.84),('61499','2021-14',0,0,0,0,0,23.004),('61499','2021-14',0,0,0,0,0,0),('61499','2021-14',0,0,0,0,0,3.9705),('65231','2021-14',0,0,0,0,0,5.823),('65231','2021-14',0,0,0,0,0,7.188),('66944','2021-14',0,0,0,0,0,0),('74118','2021-14',0,0,0,0,0,14.2275),('74118','2021-14',1,0,0,0,0,7.218),('74118','2021-14',0,0,0,0,0,3.513),('74119','2021-14',0,0,0,1,0,4.728),('74119','2021-14',0,0,0,0,0,9.6075),('105408','2021-15',0,0,0,0,0,0),('105408','2021-15',0,0,0,0,0,3.1845),('205036','2021-15',0,0,0,0,0,8.8965),('205036','2021-15',0,0,0,0,0,3.0435),('259875','2021-15',0,0,0,0,0,8.1675),('259875','2021-15',0,0,0,0,0,11.097),('264651','2021-15',0,1,0,0,2,16.371),('264651','2021-15',0,0,0,0,0,36),('264651','2021-15',0,5,0,0,0,11.346),('264652','2021-15',0,0,0,0,0,10.467),('264652','2021-15',0,0,0,0,0,4.926),('34310','2021-15',0,0,0,0,0,6.093),('34310','2021-15',1,0,0,0,0,2.9835),('61499','2021-15',0,0,0,1,0,0),('65231','2021-15',0,0,0,0,0,7.8165),('65231','2021-15',0,0,0,0,0,5.064),('66944','2021-15',0,0,0,0,0,0),('66944','2021-15',0,0,0,0,0,5.826),('74118','2021-15',0,0,0,0,0,3.504),('74118','2021-15',0,0,0,0,0,2.3715),('74119','2021-15',0,0,0,0,0,9.708),('105408','2021-16',0,0,0,0,0,0),('205036','2021-16',1,0,0,0,0,3.159),('248266','2021-16',0,0,0,0,0,18.567),('248266','2021-16',1,1,0,0,0,4.986),('259875','2021-16',0,0,0,0,0,2.5065),('259875','2021-16',0,0,0,0,0,8.8965),('264651','2021-16',0,0,0,0,0,8.46),('264652','2021-16',0,0,0,0,0,2.502),('264652','2021-16',0,0,0,0,0,18.144),('264652','2021-16',0,0,0,0,0,0),('34310','2021-16',0,2,0,0,1,6.195),('34310','2021-16',0,0,0,0,0,4.917),('34310','2021-16',0,0,0,0,0,0),('46515','2021-16',0,0,0,0,0,0),('61499','2021-16',1,0,0,0,0,5.58),('61499','2021-16',0,0,0,0,0,9.144),('65231','2021-16',0,2,0,0,0,5.736),('65231','2021-16',0,0,0,0,0,9.0495),('65231','2021-16',0,0,0,0,0,0),('66944','2021-16',0,0,0,0,0,0),('74119','2021-16',0,0,0,0,0,14.19),('205036','2021-17',0,0,0,0,0,5.472),('248266','2021-17',0,0,0,0,0,5.418),('248266','2021-17',0,0,0,0,0,3.4005),('248266','2021-17',0,0,0,0,0,3.7125),('259875','2021-17',1,2,0,0,0,30.27),('259875','2021-17',0,0,0,0,0,6.831),('264651','2021-17',0,0,0,0,0,2.634),('264652','2021-17',0,0,0,0,0,7.9695),('264652','2021-17',0,0,0,0,0,3.5145),('34310','2021-17',0,0,0,0,0,2.385),('34310','2021-17',0,0,0,0,0,5.544),('46515','2021-17',0,0,0,0,1,2.424),('46515','2021-17',0,0,0,0,1,20.538),('65231','2021-17',0,0,0,0,0,0),('65231','2021-17',1,0,0,0,0,0),('65231','2021-17',0,0,0,0,0,7.0695),('66944','2021-17',0,0,0,0,0,3.2865),('66944','2021-17',0,0,0,0,0,0),('66944','2021-17',0,0,0,0,0,45.9675),('74119','2021-17',0,0,0,0,0,16.722),('74119','2021-17',0,0,0,0,0,25.3395),('74119','2021-17',0,0,0,0,0,8.649),('205036','2021-18',0,0,0,0,0,3.51),('248266','2021-18',0,0,0,0,0,2.745),('248266','2021-18',0,0,0,0,0,7.659),('248266','2021-18',1,0,0,0,0,8.838),('259875','2021-18',0,0,0,0,0,12.294),('259875','2021-18',0,0,0,0,0,7.8435),('259875','2021-18',0,0,0,0,0,5.349),('259875','2021-18',1,0,0,0,0,8.541),('264651','2021-18',0,0,0,0,0,3.111),('264652','2021-18',0,0,0,0,0,2.703),('264652','2021-18',0,0,0,0,0,0),('264652','2021-18',0,0,0,0,0,14.4225),('34310','2021-18',0,0,10,0,0,21.084),('34310','2021-18',1,1,0,0,0,23.268),('46515','2021-18',1,0,0,0,0,2.487),('65231','2021-18',0,0,0,0,0,22.2705),('66944','2021-18',0,0,0,0,0,9.297),('7053','2021-18',0,0,0,0,1,0),('7053','2021-18',0,0,0,0,0,14.7525),('74118','2021-18',0,0,0,0,0,7.032),('74118','2021-18',0,0,0,0,0,9.9765),('74119','2021-18',0,0,0,0,0,14.115),('105408','2021-19',0,0,0,0,0,9.126),('205036','2021-19',1,0,0,0,0,0),('205036','2021-19',0,0,0,0,0,7.8165),('248266','2021-19',0,0,0,0,0,9.696),('259875','2021-19',0,0,0,0,0,13.44),('264651','2021-19',0,0,0,0,0,87.3),('264651','2021-19',1,0,0,0,0,5.121),('264652','2021-19',0,0,0,0,0,9.378),('34310','2021-19',0,0,0,0,0,0),('34310','2021-19',0,0,0,0,0,11.118),('34310','2021-19',0,0,0,0,0,3.0315),('34310','2021-19',0,0,0,0,0,17.181),('34310','2021-19',0,0,0,0,0,10.554),('46515','2021-19',0,0,0,1,0,9.594),('61499','2021-19',0,4,0,0,0,39.123),('65231','2021-19',0,0,0,0,0,8.7435),('65231','2021-19',0,0,0,0,0,3.189),('65231','2021-19',0,0,0,0,0,3.255),('65231','2021-19',1,0,0,0,0,2.88),('66944','2021-19',0,0,0,0,0,13.635),('74118','2021-19',0,0,0,0,0,2.766),('74119','2021-19',0,0,0,0,0,8.2485),('74119','2021-19',0,0,0,0,0,6.261),('105408','2021-20',0,0,0,0,0,0),('105408','2021-20',0,0,0,0,0,5.331),('205036','2021-20',1,0,0,0,0,15.3525),('205036','2021-20',0,0,0,0,0,11.274),('259875','2021-20',0,0,0,0,0,3.705),('264651','2021-20',0,0,0,0,0,3.1305),('264651','2021-20',0,0,0,0,0,2.511),('264652','2021-20',0,0,0,0,0,0),('34310','2021-20',0,0,0,0,0,2.7165),('34310','2021-20',0,0,0,0,0,10.854),('46515','2021-20',0,0,0,0,0,12.9375),('46515','2021-20',0,0,0,0,0,0),('61499','2021-20',0,1,0,0,0,35.784),('61499','2021-20',0,0,0,0,0,3.1215),('61499','2021-20',0,0,0,0,0,30.615),('65231','2021-20',0,0,0,0,0,0),('66944','2021-20',0,0,0,0,0,5.409),('74119','2021-20',0,0,0,1,0,2.3685),('74119','2021-20',0,0,0,0,0,0),('105408','2021-21',0,3,0,0,0,40.7925),('105408','2021-21',0,0,0,1,0,8.7885),('105408','2021-21',0,0,0,0,0,8.4015),('205036','2021-21',0,0,0,0,0,3.312),('248266','2021-21',0,0,0,0,0,2.85),('248266','2021-21',0,0,0,0,0,5.1),('248266','2021-21',0,0,0,0,0,17.451),('259875','2021-21',1,0,0,0,0,4.905),('259875','2021-21',0,0,0,0,0,0),('259875','2021-21',0,0,0,0,0,3.327),('264651','2021-21',1,0,0,0,0,2.346),('46515','2021-21',0,0,0,3,0,0),('46515','2021-21',0,0,0,0,0,0),('61499','2021-21',0,0,0,0,0,6.099),('66944','2021-21',0,0,0,0,1,0),('74118','2021-21',0,0,0,0,0,2.9175),('74118','2021-21',0,0,0,0,0,18.828),('74119','2021-21',0,1,0,0,0,78.489),('74119','2021-21',0,0,0,1,0,2.532),('74119','2021-21',0,0,0,0,0,4.65),('74119','2021-21',0,0,0,3,0,0),('105408','2021-22',0,0,0,0,0,57.66),('248266','2021-22',0,0,0,0,0,3.375),('248266','2021-22',0,0,0,0,0,0),('248266','2021-22',0,6,0,0,0,35.061),('259875','2021-22',0,0,0,0,0,0),('259875','2021-22',0,0,0,2,2,14.8425),('264651','2021-22',0,0,0,0,0,2.457),('34310','2021-22',0,0,0,0,0,6.489),('61499','2021-22',0,0,0,0,0,7.3665),('61499','2021-22',0,0,0,0,1,8.91),('66944','2021-22',0,0,0,0,0,9.0675),('66944','2021-22',0,0,0,0,0,5.013),('74119','2021-22',0,0,0,0,0,6.06),('74119','2021-22',0,0,0,0,0,2.766),('74119','2021-22',0,0,0,0,0,16.02),('74119','2021-22',0,0,0,0,0,0);
/*!40000 ALTER TABLE `fact_cancellations` ENABLE KEYS */;
UNLOCK TABLES;

--
-- Table structure for table `fact_orders`
--

DROP TABLE IF EXISTS `fact_orders`;
/*!40101 SET @saved_cs_client     = @@character_set_client */;
/*!50503 SET character_set_client = utf8mb4 */;
CREATE TABLE `fact_orders` (
  `order_id` int NOT NULL,
  `date` date DEFAULT NULL,
  `basket_size` float DEFAULT NULL,
  `delivery_fee` float DEFAULT NULL,
  `cost_per_order` float DEFAULT NULL,
  `distance_in_km` float DEFAULT NULL,
  `courier_waiting_time` float DEFAULT NULL,
  PRIMARY KEY (`order_id`),
  KEY `date` (`date`),
  CONSTRAINT `fact_orders_ibfk_1` FOREIGN KEY (`order_id`) REFERENCES `dim_order` (`order_id`),
  CONSTRAINT `fact_orders_ibfk_2` FOREIGN KEY (`date`) REFERENCES `dim_date` (`date`)
) ENGINE=InnoDB DEFAULT CHARSET=utf8mb4 COLLATE=utf8mb4_0900_ai_ci;
/*!40101 SET character_set_client = @saved_cs_client */;

--
-- Dumping data for table `fact_orders`
--

LOCK TABLES `fact_orders` WRITE;
/*!40000 ALTER TABLE `fact_orders` DISABLE KEYS */;
INSERT INTO `fact_orders` VALUES (1,'2021-06-28',11.49,2.11333,3.90467,1.74681,3.7933),(2,'2021-06-28',18.8,3.3,3.335,2.7111,1.3833),(3,'2021-06-28',18.4383,2.09469,3.43361,1.59345,3.369),(4,'2021-06-28',3.25,1.23,1.78,0.253859,3.1833),(5,'2021-06-28',15.7373,1.46109,2.376,0.591069,2.77269),(6,'2021-06-28',16.9564,1.56345,2.69918,0.806157,3.20588),(7,'2021-06-28',19.517,1.98216,3.25183,1.47671,3.01718),(8,'2021-06-28',9.5,1.64,2.4,1.03635,1.75),(9,'2021-06-28',18.3148,1.84006,3.20864,1.2529,3.29523),(10,'2021-06-28',17.4765,2.45399,3.27932,2.20056,3.66527),(11,'2021-06-28',10.725,2.2675,4.0875,2.00545,2.19995),(12,'2021-06-28',7.9,1.64,5.46,0.979193,1.6833),(13,'2021-06-27',13.9875,2.0575,3.66149,1.52217,2.05),(14,'2021-06-27',19.754,2.01644,3.56962,1.55116,3.60782),(15,'2021-06-27',17.1194,1.34444,2.62457,0.479289,3.63423),(16,'2021-06-27',9.25,1.64,2.62068,0.920636,3.1),(17,'2021-06-27',18.3827,1.58429,2.82377,0.876,3.67874),(18,'2021-06-27',20.3254,2.00993,3.88811,1.49532,3.34961),(19,'2021-06-27',8.75,1.23,3.17568,0.429175,3.3166),(20,'2021-06-27',22.2273,2.60193,3.94159,2.54984,4.81512),(21,'2021-06-27',16.15,1.4,3.12849,0.661318,3.32664),(22,'2021-06-27',14.2786,2.05714,3.95078,1.68538,3.64519),(23,'2021-06-27',11.3687,2.42,3.61962,2.02108,4.2833),(24,'2021-06-27',14.935,2.39,3.80968,2.10751,3.67497),(25,'2021-06-27',19.981,1.7122,3.72029,1.16365,3.98564),(26,'2021-06-26',22.0151,2.57528,3.9913,2.46913,4.35028),(27,'2021-06-26',10.4312,2.21375,4.71628,1.86981,2.10831),(28,'2021-06-26',13.9667,1.92,3.71211,1.43969,1.86663),(29,'2021-06-26',20.4092,2.24,3.85369,1.7794,3.76135),(30,'2021-06-26',20.9882,2.11,4.20023,1.68433,4.63542),(31,'2021-06-26',20,4.54,6.30659,4.55072,5.8333),(32,'2021-06-26',18.7119,1.29,2.63278,0.439535,2.69282),(33,'2021-06-26',17.5114,2.05186,3.85078,1.54044,3.78044),(34,'2021-06-26',19.7388,1.5495,3.06759,0.812746,4.18163),(35,'2021-06-26',14.7667,1.09667,2.54211,0.563713,4.03883),(36,'2021-06-26',11.9,1.64,2.74659,0.717456,5.2833),(37,'2021-06-26',12.78,2.228,3.54659,1.86646,5.35664),(38,'2021-06-25',18.6128,1.33605,2.56494,0.530616,4.22245),(39,'2021-06-25',19.5994,1.47571,3.02463,0.761497,3.99957),(40,'2021-06-25',19.5667,1.23333,3.0089,0.640464,1.71107),(41,'2021-06-25',20.0269,2.52431,3.55995,2.28853,5.80486),(42,'2021-06-25',13.6833,1.50333,3.8589,0.668032,1.9444),(43,'2021-06-25',8,1.435,3.9132,0.512675,2.79995),(44,'2021-06-25',19.4065,2.0378,3.74494,1.53719,3.8962),(45,'2021-06-25',9.33333,1.78,3.29153,1.1061,4.93327),(46,'2021-06-25',13.9182,2.84727,4.52708,2.51323,4.20298),(47,'2021-06-25',17.6171,1.695,3.57087,1.10556,3.5333),(48,'2021-06-25',21.6578,1.98314,3.93988,1.48469,4.23429),(49,'2021-06-25',13.75,1.64,3.1089,0.688221,3.27495),(50,'2021-06-25',14.2083,2.67833,4.1132,2.05828,6.61663),(51,'2021-06-24',18.519,1.93291,3.71746,1.46534,3.68985),(52,'2021-06-24',16.2122,1.41449,2.72751,0.581712,4.42649),(53,'2021-06-24',6.9,1.64,3.51721,1.0481,2.9),(54,'2021-06-24',18.7864,1.55148,2.97559,0.848047,4.54997),(55,'2021-06-24',12.65,1.85,3.06985,1.44294,3.91665),(56,'2021-06-24',21.9119,2.04503,3.71672,1.54859,4.23598),(57,'2021-06-24',19.2045,1.95333,3.69925,1.46489,4.09694),(58,'2021-06-24',6.5,1.64,2.47721,0.675191,4.4333),(59,'2021-06-24',18.6971,2.56253,3.62735,2.3802,5.61108),(60,'2021-06-24',15.3083,2.67667,3.81054,2.38318,4.89163),(61,'2021-06-24',19,2.05667,3.07152,1.78714,3.05553),(62,'2021-06-24',22.9,1.43833,3.47554,0.755306,2.68607),(63,'2021-06-24',10.5,1.8475,3.16985,1.46599,6.84165),(64,'2021-06-23',21.6276,1.9874,3.96655,1.45597,4.85255),(65,'2021-06-23',7,1.64,2.62406,0.866811,0.0666),(66,'2021-06-23',7.15,2.88,3.67406,2.67851,8.4166),(67,'2021-06-23',18.2406,2.3659,3.45474,2.11298,5.18702),(68,'2021-06-23',18.0348,1.51101,2.82368,0.768554,3.53014),(69,'2021-06-23',18.5993,2.0576,3.88959,1.61585,4.97875),(70,'2021-06-23',8.78,2.718,4.24702,2.3094,3.72996),(71,'2021-06-23',14.6,2.222,3.62206,1.88877,4.60994),(72,'2021-06-23',10.975,0.83,3.89602,0.294482,2.7083),(73,'2021-06-23',11.4321,2.61786,5.2203,2.25747,4.80591),(74,'2021-06-23',19.7484,1.92574,3.71091,1.38687,4.51132),(75,'2021-06-23',15.3722,1.34089,2.65406,0.474985,3.72736),(76,'2021-06-23',20.775,1.3325,3.19602,0.66154,2.79163),(77,'2021-06-22',23.7,0.83,2.71,0.183084,3),(78,'2021-06-22',17.6034,2.43469,4.38379,2.21953,6.17925),(79,'2021-06-22',16.3,1.23,2.57,0.429049,2.9166),(80,'2021-06-22',18.625,3.505,4.3225,3.34146,2.5),(81,'2021-06-22',18.0529,1.92404,3.57721,1.4198,4.76712),(82,'2021-06-22',15.7675,1.456,3.23467,0.608497,4.59719),(83,'2021-06-22',14.1147,2.25118,3.86588,1.77282,4.08428),(84,'2021-06-22',17.2623,2.12708,3.57308,1.66117,4.57453),(85,'2021-06-22',19.3683,1.47475,3.38639,0.732316,3.85904),(86,'2021-06-22',17.9368,1.86385,3.34709,1.32867,4.7051),(87,'2021-06-22',12.83,2.721,4.105,2.52407,6.90497),(88,'2021-06-22',7.66667,1.50333,3.03,0.901734,3.94997),(89,'2021-06-21',17.9333,2.05018,3.48727,1.54073,4.06031),(90,'2021-06-21',19.6675,1.95285,3.41457,1.4139,4.28827),(91,'2021-06-21',17.0099,2.32054,3.39021,1.97246,5.22768),(92,'2021-06-21',12.6342,2.36211,4.28368,1.98375,4.34033),(93,'2021-06-21',18.543,2.10292,3.54915,1.6123,5.08944),(94,'2021-06-21',19.7938,1.40475,2.57725,0.576224,3.36538),(95,'2021-06-21',33.6,0.83,3.35,0.329856,6.2666),(96,'2021-06-21',14,2.554,6.026,1.89712,6.83332),(97,'2021-06-21',19.0138,1.5241,2.81943,0.765292,4.0733),(98,'2021-06-21',7.25,1.64,3.15625,0.859122,4.65833),(99,'2021-06-21',13.55,0.83,2.76,0.242052,1.6166),(100,'2021-06-20',20.6764,2.09024,3.66878,1.6229,4.80128),(101,'2021-06-20',21.2219,2.04078,4.21068,1.56378,4.14909),(102,'2021-06-20',13.22,1.894,4.09617,1.29072,4.06664),(103,'2021-06-20',16.2667,1.51,3.13741,0.854767,1.38883),(104,'2021-06-20',19.689,1.49622,3.12051,0.759417,3.50423),(105,'2021-06-20',12.5,2.47,3.75074,2.07438,8.45),(106,'2021-06-20',20.1059,1.33971,2.5952,0.510561,3.6083),(107,'2021-06-20',21.8533,2.34848,4.19906,2.08788,5.15431),(108,'2021-06-20',19.2869,1.9879,3.49425,1.49555,4.05145),(109,'2021-06-20',8.9,2.07,3.38417,1.77825,4.3833),(110,'2021-06-20',11.025,1.65,3.19574,1.03542,2.53748),(111,'2021-06-20',13.1625,2.5725,4.04449,2.0817,1.45829),(112,'2021-06-20',12,2.47,3.41417,2.35171,4.8),(113,'2021-06-19',20.0812,1.53906,3.15488,0.8323,3.35413),(114,'2021-06-19',20.5699,2.00123,3.88498,1.54,4.67439),(115,'2021-06-19',21.3404,2.59514,3.88524,2.45764,5.15501),(116,'2021-06-19',18.68,2.25007,3.82443,1.83092,4.28008),(117,'2021-06-19',11.3333,3.16,4.90489,3.04098,2.65553),(118,'2021-06-19',20.9891,2.20017,4.12702,1.70619,4.66678),(119,'2021-06-19',13.5,1.64333,2.48775,0.773346,2.81663),(120,'2021-06-19',18.2563,2.86,4.35843,2.55252,5.1604),(121,'2021-06-19',20.1475,1.4965,2.92491,0.616204,3.7933),(122,'2021-06-19',15.7,1.316,3.43756,0.824247,2.4433),(123,'2021-06-19',17.0667,2.61,4.18775,2.48364,1.57777),(124,'2021-06-18',10.75,1.65,3.39666,1.15841,3.7083),(125,'2021-06-18',17.9451,1.57634,3.06726,0.889436,3.76236),(126,'2021-06-18',13.5312,2.88375,4.18558,2.53251,4.17809),(127,'2021-06-18',7.95,1.23,4.00808,0.568219,2.7166),(128,'2021-06-18',19.1571,2.19535,3.74237,1.74148,4.13644),(129,'2021-06-18',17.6712,1.41119,2.51649,0.572734,4.47059),(130,'2021-06-18',10.65,1.2325,3.42558,0.314256,2.41665),(131,'2021-06-18',18.9387,2.4861,3.69325,2.27604,5.51222),(132,'2021-06-18',19.9252,1.86957,3.80865,1.36404,4.10512),(133,'2021-06-18',19.557,2.16528,3.75311,1.68724,4.22884),(134,'2021-06-18',9.15714,2.59,4.4438,2.02827,6.49997),(135,'2021-06-18',9.4,2.88,5.77808,2.66855,5.8666),(136,'2021-06-17',17.5092,1.4285,3.28757,0.569752,4.40552),(137,'2021-06-17',10.4167,1.23333,3.81465,0.391009,2.02773),(138,'2021-06-17',19.9494,1.93045,3.50619,1.44856,4.22123),(139,'2021-06-17',8.25,1.235,2.4149,0.728405,2.97495),(140,'2021-06-17',17.3,0.83,2.40799,0.130873,1.8666),(141,'2021-06-17',10.7,1.85,4.1149,1.22724,4.4666),(142,'2021-06-17',18.5047,2.07739,4.16113,1.60923,5.23862),(143,'2021-06-17',22.3254,2.14574,3.48184,1.67229,4.84013),(144,'2021-06-17',18.3383,2.09215,3.51363,1.58736,5.22563),(145,'2021-06-17',10.5,1.23,2.79799,0.312349,3.05),(146,'2021-06-17',9.5,2.19667,4.0549,1.95071,9.7444),(147,'2021-06-17',14.3722,2.77,4.21576,2.38679,4.69256),(148,'2021-06-17',16.9431,1.41871,3.42128,0.682868,4.20643),(149,'2021-06-16',8.5,1.86,2.97923,1.70578,6.9083),(150,'2021-06-16',18.2347,2.64451,3.92191,2.5061,5.74053),(151,'2021-06-16',17.188,1.5751,3.08778,0.821061,4.65685),(152,'2021-06-16',19.2718,1.49468,2.68197,0.648775,4.41099),(153,'2021-06-16',6.83333,1.78,3.13423,1.26229,3.3833),(154,'2021-06-16',8.4,0.83,3.02854,0.346912,2.7333),(155,'2021-06-16',14.1033,2.636,3.87587,2.21867,4.54886),(156,'2021-06-16',13.1,1.23,2.97854,0.655543,2.8833),(157,'2021-06-16',19.8183,2.12366,3.48159,1.5815,3.95417),(158,'2021-06-16',18.684,1.95236,3.75925,1.50844,4.20751),(159,'2021-06-16',0,0,0,0,0),(160,'2021-06-16',18.3159,1.93273,3.42689,1.40931,4.3637),(161,'2021-06-16',23.5,3.71,6.78423,3.89736,0.25),(162,'2021-06-15',17.4009,1.55991,2.82325,0.849445,4.47233),(163,'2021-06-15',9.1,3.71,7.38333,4.4832,2.62773),(164,'2021-06-15',16.7842,2.06703,3.39924,1.56146,4.65956),(165,'2021-06-15',9.4,2.88,4.59,2.66855,4.2666),(166,'2021-06-15',13.2417,2.20167,3.98,1.71411,4.83883),(167,'2021-06-15',19.4446,2.3268,3.42479,2.02355,5.39146),(168,'2021-06-15',12.4667,2.46667,3.14667,1.99496,1.7833),(169,'2021-06-15',17.0965,1.46944,2.46569,0.687521,4.35922),(170,'2021-06-15',17.6439,1.84746,3.53544,1.27546,4.6004),(171,'2021-06-15',9.7875,1.335,3.495,0.800805,3.25833),(172,'2021-06-15',14.75,1.03,3.33,0.318257,2.41665),(173,'2021-06-15',18.9315,1.85942,3.41333,1.32318,4.25287),(174,'2021-06-15',13.93,2.844,4.553,2.50556,5.43329),(175,'2021-06-14',10.75,2.055,3.065,1.59897,3.475),(176,'2021-06-14',15.3786,2.82429,3.98286,2.49896,4.69281),(177,'2021-06-14',20.0514,1.80703,3.48479,1.25601,4.82295),(178,'2021-06-14',16.54,1.562,3.438,0.854666,3.07998),(179,'2021-06-14',6.25,3.305,4.4,3.05864,4.2),(180,'2021-06-14',17.308,1.95994,3.33188,1.44959,4.28207),(181,'2021-06-14',14.2667,1.99,3.15333,1.14525,3.8944),(182,'2021-06-14',18.8333,2.4307,3.51875,2.16237,5.56572),(183,'2021-06-14',18.4604,2.04302,3.57554,1.55144,4.3857),(184,'2021-06-14',10.125,2.575,3.75375,2.18779,5.36247),(185,'2021-06-14',17.4734,1.59959,2.74607,0.850871,4.47445),(186,'2021-06-14',16.4114,1.43514,2.56014,0.607621,3.91259),(187,'2021-06-13',19.3147,2.08647,3.56522,1.62315,4.55526),(188,'2021-06-13',15.75,3.715,5.25178,3.98877,5.22495),(189,'2021-06-13',21.4767,2.50168,4.11144,2.29714,4.77007),(190,'2021-06-13',9.3,2.365,3.83803,1.80369,4.4208),(191,'2021-06-13',15.02,2.058,3.74227,1.50556,5.19664),(192,'2021-06-13',19.2686,2.19243,4.17464,1.69057,4.09997),(193,'2021-06-13',15.6278,2.24333,3.58227,1.81786,3.84998),(194,'2021-06-13',20.8538,1.40462,2.76843,0.566965,3.41087),(195,'2021-06-13',6.25,2.055,3.52478,1.58998,4.32078),(196,'2021-06-13',19.8564,2.01314,3.71271,1.53884,4.55788),(197,'2021-06-13',12.65,2.05667,3.37845,1.64104,4.51667),(198,'2021-06-13',19.6213,1.51149,3.81908,0.804701,4.41113),(199,'2021-06-12',12.7364,2.66273,4.17654,2.4915,5.38935),(200,'2021-06-12',20.0504,2.15662,4.22374,1.71058,3.82804),(201,'2021-06-12',18.5231,1.78605,3.47254,1.25248,3.67854),(202,'2021-06-12',19.1398,1.57169,3.28288,0.916011,3.88415),(203,'2021-06-12',19.8761,1.98101,3.54414,1.50971,4.50891),(204,'2021-06-12',14.87,1.888,3.36472,1.26986,1.88664),(205,'2021-06-12',19.245,1.40833,2.83341,0.530366,3.86717),(206,'2021-06-12',23.9949,2.78287,4.56714,2.74919,5.18404),(207,'2021-06-12',10.125,2.06,2.99758,1.51103,2.94163),(208,'2021-06-12',27.7,2.055,5.20972,1.44997,3.67495),(209,'2021-06-12',16.45,2.265,3.94758,1.81512,3.72495),(210,'2021-06-11',6.3,1.5375,2.55388,0.833815,3.49165),(211,'2021-06-11',19.7462,2.02336,3.90251,1.51384,4.77177),(212,'2021-06-11',13.475,1.9525,3.38258,1.2809,4.1083),(213,'2021-06-11',24,4.12,5.99758,4.0392,10.7666),(214,'2021-06-11',18.525,1.03,2.65758,0.54355,3.3916),(215,'2021-06-11',9.4,2.06,4.15888,1.7644,3.65),(216,'2021-06-11',19.6025,2.10716,3.87768,1.62751,4.86255),(217,'2021-06-11',12.8333,2.23,3.95924,1.80566,4.66385),(218,'2021-06-11',13.8071,2.29286,4.44602,1.92754,6.20949),(219,'2021-06-11',17.5081,2.04304,3.48429,1.54097,4.23845),(220,'2021-06-11',18.8366,1.55257,3.15541,0.839259,3.84271),(221,'2021-06-11',20.1489,2.7013,4.00233,2.61105,6.88424),(222,'2021-06-11',16.7109,1.35709,2.5127,0.512345,3.72876),(223,'2021-06-10',12.0667,1.65333,3.44882,1.1011,2.92777),(224,'2021-06-10',18,1.85,2.62893,1.23805,3.39995),(225,'2021-06-10',19.1878,2.13417,4.03049,1.62204,4.23693),(226,'2021-06-10',17.3867,2.0634,3.62068,1.58849,4.07578),(227,'2021-06-10',20.0318,2.49962,3.90808,2.34217,6.09136),(228,'2021-06-10',13.6,2.675,5.20393,2.45424,6.82495),(229,'2021-06-10',17.0462,1.54185,3.02292,0.813511,3.59661),(230,'2021-06-10',17.025,1.71167,3.16716,1.04518,3.94442),(231,'2021-06-10',16.4,4.54,6.91882,4.65124,5.3833),(232,'2021-06-10',19.0534,2.11349,3.91106,1.62785,4.64268),(233,'2021-06-10',16.6185,1.46177,2.63054,0.625055,4.61825),(234,'2021-06-10',11.8,1.94071,3.62525,1.52853,3.80235),(235,'2021-06-10',3.25,1.855,3.17893,1.5067,4.64165),(236,'2021-06-09',8.525,3.61,6.22108,4.22423,6.03745),(237,'2021-06-09',17.4876,2.03185,3.69334,1.53523,3.99486),(238,'2021-06-09',8.5,2.57,3.64108,2.26192,2.94998),(239,'2021-06-09',15.7,2.60667,4.04544,2.10663,4.26663),(240,'2021-06-09',7.08333,2.05667,3.85544,1.50818,3.61663),(241,'2021-06-09',19.7041,1.87779,3.59416,1.34521,3.80077),(242,'2021-06-09',8,3.71,4.74878,3.25279,1.3166),(243,'2021-06-09',11.1167,2.47,4.51275,2.25987,3.38608),(244,'2021-06-09',17.5396,1.48396,2.84471,0.741107,3.49226),(245,'2021-06-09',17.2456,2.35601,3.30736,2.0441,5.22389),(246,'2021-06-09',17.7577,2.11496,3.85284,1.61615,3.75254),(247,'2021-06-09',15.3717,1.40057,2.25924,0.541866,3.17198),(248,'2021-06-09',13.8833,1.1,2.59544,0.198698,2.5222),(249,'2021-06-08',10.9,2.06,4.39,1.22195,6.3666),(250,'2021-06-08',10.4667,2.33,4.20333,2.19027,5.68883),(251,'2021-06-08',10.6,1.235,4.05,0.348053,2.2333),(252,'2021-06-08',17.16,1.40927,2.34364,0.599998,5.03784),(253,'2021-06-08',18.777,2.56128,3.56945,2.38551,6.15123),(254,'2021-06-08',17.0784,2.03644,3.41431,1.5332,4.60744),(255,'2021-06-08',16.8238,1.54289,2.69621,0.800361,4.11169),(256,'2021-06-08',13.59,2.47,4.156,2.33986,4.56998),(257,'2021-06-08',17.3533,1.90461,3.68036,1.39648,4.22299),(258,'2021-06-08',9.93,1.892,3.654,1.28303,3.2433),(259,'2021-06-08',6.75,2.06,3.3325,1.63699,3.9916),(260,'2021-06-08',17.3351,2.04135,3.80875,1.52293,4.5341),(261,'2021-06-08',17.3583,2.33167,4.18,1.87852,4.21524),(262,'2021-06-07',11.36,2.886,6.338,2.67735,5.1533),(263,'2021-06-07',16.7849,2.48369,3.38028,2.22199,5.59596),(264,'2021-06-07',11.6,1.85,3.795,1.60398,1.84995),(265,'2021-06-07',10.35,1.2375,3.51,0.67574,2.50833),(266,'2021-06-07',10.9182,2.77091,4.33273,2.67034,5.11057),(267,'2021-06-07',10.125,1.85,2.9925,1.06621,4.04165),(268,'2021-06-07',19.3395,1.97516,3.72008,1.44026,4.14486),(269,'2021-06-07',18.4443,2.02887,3.70415,1.54604,4.29808),(270,'2021-06-07',17.6938,1.93175,3.50329,1.44142,4.49121),(271,'2021-06-07',17.2369,1.4857,2.67294,0.765624,4.03439),(272,'2021-06-07',6,2.47,3.72,1.82399,2.9166),(273,'2021-06-07',19.6917,1.36778,2.32972,0.667169,4.08376),(274,'2021-06-06',9.4125,1.9525,3.3242,1.4846,5.63748),(275,'2021-06-06',12.65,1.335,3.03116,0.774802,2.39162),(276,'2021-06-06',20.7564,1.44733,2.87742,0.746247,4.04706),(277,'2021-06-06',15.36,2.18,4.05495,1.82186,3.97498),(278,'2021-06-06',19.8789,2.00691,3.99726,1.50287,4.03409),(279,'2021-06-06',19.8804,1.32,2.86621,0.630784,2.90867),(280,'2021-06-06',17.0167,1.92,3.71089,1.36459,3.80181),(281,'2021-06-06',22.1297,1.92266,3.94179,1.42798,4.09085),(282,'2021-06-06',19.8827,1.75361,3.53009,1.2013,3.64169),(283,'2021-06-06',21.8674,2.83385,4.42628,2.77657,5.2317),(284,'2021-06-06',10.55,1.6425,3.41116,1.09969,2.97913),(285,'2021-06-06',4,1.64,3.29295,0.752448,6.8333),(286,'2021-06-05',19.5844,1.20625,3.15152,0.456711,4.27706),(287,'2021-06-05',19.5393,1.86518,3.92939,1.29219,4.41247),(288,'2021-06-05',8.75,3.09,7.77058,2.81404,6.7333),(289,'2021-06-05',17.7,0.83,2.47189,0.303297,2.2833),(290,'2021-06-05',13.68,1.894,3.13589,1.31559,2.12664),(291,'2021-06-05',12.8786,2.05714,3.99475,1.84741,4.41663),(292,'2021-06-05',22.6868,1.83947,4.10163,1.36644,3.6969),(293,'2021-06-05',18.6091,1.94328,3.62008,1.41905,3.73775),(294,'2021-06-05',6,1.85,3.38058,1.33233,5.3666),(295,'2021-06-05',13.8333,1.92,3.62856,1.33678,5.02773),(296,'2021-06-05',14.17,2.594,4.27558,2.2365,5.87663),(297,'2021-06-05',22.3939,2.63427,4.25707,2.46053,6.83954),(298,'2021-06-05',21.8078,1.57328,3.03074,0.899116,4.1531),(299,'2021-06-04',19.3047,1.90189,3.3669,1.31608,4.16192),(300,'2021-06-04',19.5611,2.56783,3.41121,2.35239,5.8784),(301,'2021-06-04',19.2551,1.78663,3.25689,1.26799,4.06744),(302,'2021-06-04',7.5,1.64,2.99415,1.22107,4.35),(303,'2021-06-04',19.258,1.329,2.47355,0.566501,7.43097),(304,'2021-06-04',9.875,1.85,3.23445,1.20972,2.95412),(305,'2021-06-04',4,2.88,3.43414,2.48501,7.9333),(306,'2021-06-04',19.0772,1.99237,3.69689,1.45558,4.25351),(307,'2021-06-04',12.0071,2.82714,3.87409,2.35308,2.94283),(308,'2021-06-04',8.34286,2.75571,3.62415,2.24421,1.70709),(309,'2021-06-04',17,1.1325,2.92195,0.590469,2.39998),(310,'2021-06-04',19.3889,1.58753,2.91464,0.885718,4.16643),(311,'2021-06-03',16.655,1.5536,2.69065,0.840076,3.9797),(312,'2021-06-03',4.5,2.47,7.98786,1.737,5.1166),(313,'2021-06-03',11.75,1.64,3.66998,1.02425,3.1666),(314,'2021-06-03',14.4667,1.64333,3.64786,1.12707,2.81107),(315,'2021-06-03',18.0983,1.86848,3.43172,1.34051,4.70537),(316,'2021-06-03',18.3581,2.09031,3.7004,1.55007,4.08202),(317,'2021-06-03',17.8368,2.55468,3.47018,2.38821,5.85387),(318,'2021-06-03',8.6875,2.16,4.06998,1.70506,5.24578),(319,'2021-06-03',15.6375,1.3265,2.35248,0.589959,3.51275),(320,'2021-06-03',11.6714,1.06,2.985,0.48704,4.15473),(321,'2021-06-03',8,2.88,3.88498,2.48501,15.9166),(322,'2021-06-03',18.3804,1.99255,3.79761,1.43282,4.49272),(323,'2021-06-03',13.635,2.185,3.86886,1.6119,4.38829),(324,'2021-06-02',17.7439,1.52,2.60661,0.829598,3.68922),(325,'2021-06-02',16.819,1.31603,2.29695,0.574758,4.18876),(326,'2021-06-02',18.0027,2.69602,3.4154,2.54991,5.49035),(327,'2021-06-02',8.5,2.47,3.2754,2.17951,8.5333),(328,'2021-06-02',8.8,1.6425,2.8779,1.10239,6.49162),(329,'2021-06-02',12.1,2.685,4.24346,2.4956,6.6083),(330,'2021-06-02',10.4333,2.88333,3.87873,2.67261,5.18883),(331,'2021-06-02',20.2803,1.74667,4.07786,1.21084,4.40149),(332,'2021-06-02',14.2667,1.09667,2.92179,0.637835,2.54993),(333,'2021-06-02',19.1254,1.96014,3.56001,1.39599,4.50983),(334,'2021-06-02',18.6745,2.17225,3.95959,1.61138,4.79891),(335,'2021-06-02',10.75,2.165,3.88596,1.65159,2.26662),(336,'2021-06-01',19.6459,1.77382,3.56846,1.19471,4.51352),(337,'2021-06-01',17.4541,1.47959,2.59168,0.770705,3.82531),(338,'2021-06-01',9.08,2.308,4.296,1.91534,4.2533),(339,'2021-06-01',12.7,1.4425,3.7575,0.80093,2.92497),(340,'2021-06-01',19.0227,1.75227,3.46918,1.20298,4.10285),(341,'2021-06-01',6.625,2.47,1.135,1.96698,0.95),(342,'2021-06-01',19.4045,2.18425,3.90948,1.6124,4.31286),(343,'2021-06-01',18.044,2.65754,3.58328,2.498,5.46336),(344,'2021-06-01',9.2,1.375,3.41167,0.838339,3.41108),(345,'2021-06-01',9.125,1.5375,2.52375,0.930196,4.86665),(346,'2021-06-01',17.1213,1.3318,2.3841,0.578928,3.7475),(347,'2021-06-01',14.825,1.6425,3.46,1.10761,4.11247),(348,'2021-05-31',11.9944,1.82778,3.34778,1.28743,2.90367),(349,'2021-05-31',17.0137,1.44821,2.73726,0.762873,3.54014),(350,'2021-05-31',10.75,1.85,3.015,1.40383,5.69165),(351,'2021-05-31',18.4758,1.97915,3.68881,1.40266,4.11211),(352,'2021-05-31',10.4,1.64,2.835,1.1663,3.3166),(353,'2021-05-31',13.34,1.65,2.916,1.04476,3.71662),(354,'2021-05-31',12.4333,2.60833,3.92,2.24841,4.73608),(355,'2021-05-31',8,2.675,6.115,1.73852,4.5666),(356,'2021-05-31',13.175,2.47,4.24,1.85209,2.92497),(357,'2021-05-31',16.0368,1.32763,2.31211,0.583283,3.26181),(358,'2021-05-31',18.5795,1.78403,3.61284,1.23033,3.66863),(359,'2021-05-31',17.5011,2.46768,3.15762,2.20185,5.55429),(360,'2021-05-31',18.6469,1.9487,3.67062,1.39509,4.1353),(361,'2021-05-30',11.3333,3.02333,4.07426,2.28694,5.48327),(362,'2021-05-30',19.2065,1.51623,2.9289,0.850124,3.49802),(363,'2021-05-30',19.632,1.2804,2.67375,0.537498,3.1373),(364,'2021-05-30',12.7643,2.00429,3.43236,1.43356,4.38569),(365,'2021-05-30',13.8167,1.03,2.81093,0.514082,2.33608),(366,'2021-05-30',20.7556,1.90546,3.77991,1.36199,3.87127),(367,'2021-05-30',22.7156,2.51821,3.81177,2.29373,4.7327),(368,'2021-05-30',13.4071,1.94143,3.4095,1.42616,3.5595),(369,'2021-05-30',7.83333,2.61333,5.52361,2.54122,5.5222),(370,'2021-05-30',18.9063,1.53761,3.34037,0.985359,3.42649),(371,'2021-05-30',18.9712,2.06424,3.71245,1.5176,4.21365),(372,'2021-05-30',6.225,1.235,2.94695,0.662768,2.9833),(373,'2021-05-30',16.4929,2.11857,3.44695,1.64443,5.1452),(374,'2021-05-29',8.97778,2.33667,3.46107,2.19038,6.99999),(375,'2021-05-29',16.87,1.57,2.91415,1.03715,2.37998),(376,'2021-05-29',13.5,4.54,5.43218,5.1091,7.6666),(377,'2021-05-29',21.5543,1.99183,3.61877,1.46485,3.69978),(378,'2021-05-29',25.9673,1.32577,2.72603,0.594736,4.16279),(379,'2021-05-29',23.7692,2.76729,4.11975,2.73522,5.02208),(380,'2021-05-29',19.8533,1.51868,3.00619,0.818208,3.97562),(381,'2021-05-29',17.8897,1.93696,3.98882,1.35679,3.64145),(382,'2021-05-29',7.5,2.06,3.61415,1.42217,6.5833),(383,'2021-05-29',8.5,1.64,2.36718,0.882965,7.0833),(384,'2021-05-29',13.625,2.475,4.02165,2.04689,5.56663),(385,'2021-05-29',22.8877,1.66662,3.5383,1.15361,3.63715),(386,'2021-05-29',12.1667,1.51,3.45081,1.01896,3.34997),(387,'2021-05-28',18.7891,1.74937,3.6807,1.20224,3.7359),(388,'2021-05-28',13.7,1.812,3.66974,1.3448,2.8933),(389,'2021-05-28',11.8333,1.78556,3.45079,1.32123,3.2907),(390,'2021-05-28',15.8,2.88,3.57968,2.13109,1.35),(391,'2021-05-28',19.4127,1.51291,2.81032,0.819278,3.89764),(392,'2021-05-28',10.5,4.54,5.67374,4.91206,11.8166),(393,'2021-05-28',12.25,2.055,3.59468,1.47453,4.3166),(394,'2021-05-28',7.26,1.974,2.82574,1.44722,5.1133),(395,'2021-05-28',19.0056,1.94672,3.51256,1.38208,3.68725),(396,'2021-05-28',21.0027,1.95022,3.41858,1.3695,4.09245),(397,'2021-05-28',22.1523,2.56257,3.58229,2.36232,6.0753),(398,'2021-05-28',18.0875,1.27667,2.53041,0.535221,4.87821),(399,'2021-05-27',14.2833,1.92667,4.19818,2.05911,5.40553),(400,'2021-05-27',12.5,1.50333,2.5511,0.929433,3.82777),(401,'2021-05-27',16.0667,3.74,5.91443,3.99299,5.75553),(402,'2021-05-27',16.9634,1.96441,3.66458,1.39734,3.89835),(403,'2021-05-27',17.1667,1.75472,3.86533,1.19533,4.30367),(404,'2021-05-27',11.775,2.575,4.04693,2.2359,3.90412),(405,'2021-05-27',18.621,1.47114,2.66162,0.787267,4.19156),(406,'2021-05-27',17.444,1.78621,3.6749,1.24547,3.48215),(407,'2021-05-27',19.1375,1.32683,2.45085,0.587766,3.66525),(408,'2021-05-27',19.3903,2.5456,3.45863,2.35102,6.19063),(409,'2021-05-27',13.14,1.728,3.41818,1.24429,4.76664),(410,'2021-05-27',9.4,2.055,5.08318,1.4474,5.04165),(411,'2021-05-26',10.33,2.476,4.19163,2.43748,6.81662),(412,'2021-05-26',17.735,1.49146,2.66009,0.777988,3.5854),(413,'2021-05-26',12.8375,2.06,3.43392,1.51687,3.02498),(414,'2021-05-26',19.0727,1.82955,3.39517,1.27782,3.73008),(415,'2021-05-26',18.2925,1.84158,3.30976,1.2939,4.06635),(416,'2021-05-26',17.6067,2.54904,3.47547,2.36572,5.53266),(417,'2021-05-26',17.4114,1.36977,2.43949,0.590654,4.3602),(418,'2021-05-26',9.4,0.83,3.62563,0.12667,2.15),(419,'2021-05-26',14.3,1.64,3.58892,0.723667,4.15),(420,'2021-05-26',10.75,3.71,4.63892,3.18057,2.2333),(421,'2021-05-26',18.6526,1.96771,3.46494,1.4639,4.2223),(422,'2021-05-26',9.6,1.808,3.38563,1.37345,5.39998),(423,'2021-05-25',14.7071,1.94,3.25429,1.337,5.38806),(424,'2021-05-25',19.0956,2.11216,3.71304,1.52408,3.86996),(425,'2021-05-25',18.8131,2.22836,3.97912,1.63521,3.86678),(426,'2021-05-25',11.8,2.88,3.95,2.30926,3.95),(427,'2021-05-25',5,1.64,2.48,0.76155,1.8),(428,'2021-05-25',12.9917,2.815,4.81,2.75014,2.46107),(429,'2021-05-25',0,0,0,0,0),(430,'2021-05-25',16.7156,1.40831,2.73753,0.70328,3.65949),(431,'2021-05-25',18.1346,1.83538,3.16096,1.22707,4.19547),(432,'2021-05-25',17.9883,1.32681,2.36053,0.605559,4.00103),(433,'2021-05-25',19.1331,2.43318,3.3078,2.14608,4.66642),(434,'2021-05-25',13.05,1.645,3.16333,1.12283,3.99718),(435,'2021-05-24',12,4.54,7.53,5.49642,2.1833),(436,'2021-05-24',20.9988,2.1462,3.66623,1.58866,3.79103),(437,'2021-05-24',21.342,1.69594,3.73848,1.12626,3.92195),(438,'2021-05-24',11.8667,1.78,4.35,1.16009,2.90553),(439,'2021-05-24',8,3.09,4.76,2.41371,1.3333),(440,'2021-05-24',9.85,2.16,2.8775,1.75756,2.47913),(441,'2021-05-24',14.985,2.018,3.678,1.56682,3.19328),(442,'2021-05-24',13.2,2.885,4.7675,2.79313,4.93745),(443,'2021-05-24',19.3411,1.33111,2.37467,0.605776,3.96071),(444,'2021-05-24',17.6145,2.46809,3.31402,2.21502,6.43205),(445,'2021-05-24',18.3017,1.53591,2.68489,0.842248,3.72705),(446,'2021-05-24',20.2512,1.86258,3.59601,1.31491,3.53155),(447,'2021-05-24',14.975,1.435,3.655,0.985293,2.875),(448,'2021-05-23',15.1611,1.64667,3.23499,1.10176,3.6333),(449,'2021-05-23',21.9104,1.26542,2.71324,0.531913,3.67288),(450,'2021-05-23',22.9177,2.42364,3.38358,2.13235,4.84273),(451,'2021-05-23',25.275,0.83,2.59776,0.270223,3.42495),(452,'2021-05-23',20.1984,1.99185,3.71081,1.44607,3.86862),(453,'2021-05-23',9.26667,1.64667,3.40943,1.04816,3.87777),(454,'2021-05-23',17.6507,1.41079,2.86569,0.71716,4.57847),(455,'2021-05-23',19.4835,1.73039,3.50514,1.16522,3.40077),(456,'2021-05-23',20.249,1.6632,3.44636,1.13038,4.02764),(457,'2021-05-23',16.625,1.5375,2.7074,0.89441,3.9208),(458,'2021-05-23',11.15,1.64333,3.15782,0.89345,4.03883),(459,'2021-05-23',18.855,2.428,4.05015,2.04583,4.45997),(460,'2021-05-23',14,1.23,3.75276,0.312349,3.7666),(461,'2021-05-22',18.7466,1.34414,2.51646,0.638207,4.25514),(462,'2021-05-22',19.2966,2.03159,4.02895,1.52064,3.57988),(463,'2021-05-22',20.95,1.34,2.86917,0.854111,3.2333),(464,'2021-05-22',15.75,3.09,4.44421,2.95696,8.64995),(465,'2021-05-22',17.175,1.85,3.06417,1.0938,2.99165),(466,'2021-05-22',20.6282,2.03402,3.91567,1.45929,3.39154),(467,'2021-05-22',16.7556,1.66259,3.28584,1.13642,3.86417),(468,'2021-05-22',11.6667,1.51,3.32588,0.91083,3.0555),(469,'2021-05-22',18.4675,1.50579,3.11974,0.855099,4.36985),(470,'2021-05-22',13.32,1.318,3.19817,0.856315,2.1733),(471,'2021-05-22',23.6599,2.8226,4.00765,2.70849,5.1892),(472,'2021-05-22',7.9,2.05667,3.60751,1.46968,4.2222),(473,'2021-05-22',13.9563,2.47,4.30546,2.13296,7.47704),(474,'2021-05-21',21.6333,0.85883,3.68608,2.56526,5.29061),(475,'2021-05-21',21.3722,0.83,3.35224,1.39506,3.62381),(476,'2021-05-21',18.7956,0.842059,2.82707,0.837992,4.22317),(477,'2021-05-21',12.3125,2.27,3.23721,1.54499,1.76248),(478,'2021-05-21',16.8541,0.83,2.54727,0.600252,3.37617),(479,'2021-05-21',17.55,2.3675,3.70084,1.93636,5.64165),(480,'2021-05-21',11.3125,2.16,3.33471,1.61532,3.59162),(481,'2021-05-21',4,1.64,2.38584,0.752448,3.5833),(482,'2021-05-21',4,1.64,3.28584,1.09896,10.9333),(483,'2021-05-21',10.3333,1.23333,4.23304,0.611287,2.48883),(484,'2021-05-21',18.2951,0.83,3.38956,1.27993,3.40325),(485,'2021-05-21',18.1811,0.841509,3.73513,1.69344,4.4289),(486,'2021-05-20',12.75,1.5425,3.185,1.04678,2.77082),(487,'2021-05-20',11.55,1.645,2.7725,0.782174,2.6583),(488,'2021-05-20',14.995,2.846,4.1065,2.35323,3.2683),(489,'2021-05-20',19.0485,0.86165,3.49974,1.39648,4.1134),(490,'2021-05-20',19.1574,0.83,3.54789,1.34406,3.74996),(491,'2021-05-20',17.5762,0.856667,3.5312,2.48816,5.51772),(492,'2021-05-20',12.9,3.71,4.53518,4.4278,9.7333),(493,'2021-05-20',11.725,1.03,3.3175,0.613528,2.15),(494,'2021-05-20',18.0016,0.83,3.77666,1.7163,4.21392),(495,'2021-05-20',10.5625,1.9575,4.99768,1.47662,4.69578),(496,'2021-05-20',17.0474,0.851228,2.59667,0.759783,4.39032),(497,'2021-05-20',16.5734,0.83625,2.46003,0.582328,3.38929),(498,'2021-05-20',9.875,2.2675,3.13018,1.89275,4.6083),(499,'2021-05-19',16.3424,0.833809,2.59564,0.783191,3.99282),(500,'2021-05-19',18.8813,0.843667,3.35717,1.31271,4.04413),(501,'2021-05-19',7.5,1.64,3.30545,1.09896,4.8833),(502,'2021-05-19',17.05,1.732,3.62433,1.30715,4.35996),(503,'2021-05-19',17.1368,0.832395,3.27563,2.30647,5.5363),(504,'2021-05-19',9.73333,1.78333,3.07333,0.89266,3.3611),(505,'2021-05-19',15.1438,1.235,3.30583,0.781166,2.87287),(506,'2021-05-19',18.0829,0.833809,3.57747,1.47407,4.22552),(507,'2021-05-19',0,0,0,0,0),(508,'2021-05-19',11.7,3.16,4.73878,2.95949,5.76663),(509,'2021-05-19',16.6868,0.83,2.34001,0.569602,4.0681),(510,'2021-05-19',18.5229,0.850089,3.58929,1.73466,4.39323),(511,'2021-05-18',18.843,0.83,3.4806,2.52866,5.49511),(512,'2021-05-18',19.401,0.849372,3.88704,1.78014,4.3847),(513,'2021-05-18',4,1.64,5.06,0.709965,4.2333),(514,'2021-05-18',15.2333,2.33333,3.63667,1.68352,4.9222),(515,'2021-05-18',19.0471,0.835797,3.5642,1.61081,3.99622),(516,'2021-05-18',13.0318,2.28273,3.46182,1.6073,3.43179),(517,'2021-05-18',14.6333,3.16,3.96667,3.10987,2.72773),(518,'2021-05-18',16.7848,0.83,2.80466,0.771348,3.4998),(519,'2021-05-18',9.91667,1.23333,3.19167,0.532098,3.9333),(520,'2021-05-18',18.6388,0.83,3.29748,1.38601,3.47957),(521,'2021-05-18',14.2736,0.83,2.41555,0.631914,4.79633),(522,'2021-05-17',17.9163,0.847609,2.53739,0.540928,4.26446),(523,'2021-05-17',17.5231,0.850452,3.91955,1.85,4.37543),(524,'2021-05-17',18.2247,0.865061,3.48726,2.45496,4.87791),(525,'2021-05-17',17.3511,0.843908,3.31161,1.36377,4.00227),(526,'2021-05-17',12.5,1.64833,3.3,1.00691,2.05553),(527,'2021-05-17',7.125,1.6425,3.355,0.869648,4.29163),(528,'2021-05-17',17.1955,0.841182,2.37432,0.790459,4.07587),(529,'2021-05-17',11.9167,1.23333,2.96667,0.860113,4.75553),(530,'2021-05-17',18.5294,0.839762,3.52048,1.73422,3.90036),(531,'2021-05-17',13.45,2.265,3.965,1.57962,1.8833),(532,'2021-05-17',6.5,1.45,2.6125,0.923922,4.54165),(533,'2021-05-17',14.8,1.85,3.735,1.22865,2.6583),(534,'2021-05-16',20.1287,1.53841,2.74258,0.842281,3.78676),(535,'2021-05-16',12.5,2.06,3.20419,1.20495,0.4333),(536,'2021-05-16',13.73,1.156,2.89619,0.743766,3.95666),(537,'2021-05-16',19.1288,1.31,2.70838,0.525,3.80959),(538,'2021-05-16',22.8597,2.92173,4.20386,2.90025,5.01867),(539,'2021-05-16',17.2375,2.46875,3.96794,1.85688,5.00414),(540,'2021-05-16',14.0562,2.67625,4.05934,2.7662,9.0958),(541,'2021-05-16',12.875,4.54,8.20685,5.262,7.925),(542,'2021-05-16',17.9753,2.06053,3.68853,1.48757,3.67058),(543,'2021-05-16',15.55,1.23,4.06419,0.85474,2.35),(544,'2021-05-16',22.5208,1.23083,2.62018,0.582994,3.63635),(545,'2021-05-16',6.66667,2.05667,2.83851,1.53826,5.6444),(546,'2021-05-16',19.2033,2.33306,3.90669,1.78363,3.61698),(547,'2021-05-16',19.2601,1.81085,3.45248,1.25697,3.81787),(548,'2021-05-15',16.6625,1.8025,3.62688,1.24477,6.49162),(549,'2021-05-15',18.7145,1.91342,3.56697,1.36074,3.95652),(550,'2021-05-15',15.69,2.015,4.1446,1.6214,6.40163),(551,'2021-05-15',19.0269,1.58761,3.16443,0.899811,3.62807),(552,'2021-05-15',21.8333,2.70077,3.7209,2.56379,5.0855),(553,'2021-05-15',7.125,1.435,3.3691,0.852463,3.775),(554,'2021-05-15',18.7762,1.40667,2.8385,0.625593,2.99282),(555,'2021-05-15',19.7731,2.33394,3.69415,1.7669,5.23747),(556,'2021-05-15',21.3426,2.02309,3.67512,1.39504,4.1757),(557,'2021-05-15',20.7,1.435,2.9741,0.691881,4.47913),(558,'2021-05-15',14.75,1.23333,3.69688,0.627854,3.41663),(559,'2021-05-15',15.72,1.896,4.02288,1.32785,2.74998),(560,'2021-05-14',18.4619,2.00813,3.60185,1.44346,4.11771),(561,'2021-05-14',14.18,2.019,3.5936,1.4546,3.98496),(562,'2021-05-14',14.95,2.10333,3.51443,1.53186,3.62219),(563,'2021-05-14',19.2876,2.65385,3.68959,2.51271,5.40665),(564,'2021-05-14',5.25,1.85,2.68387,1.29222,3.3583),(565,'2021-05-14',12.5833,1.78,5.01693,1.19681,4.99997),(566,'2021-05-14',22.5427,1.75875,3.50485,1.19035,3.61663),(567,'2021-05-14',19.2994,2.33732,3.84604,1.76675,4.29606),(568,'2021-05-14',17.9775,1.46495,2.80387,0.776723,3.93147),(569,'2021-05-14',9.475,1.85,2.78387,1.33111,3.54165),(570,'2021-05-14',6.75,2.88,4.8736,2.20067,1.4166),(571,'2021-05-14',19.3545,1.32409,2.73524,0.625998,3.80375),(572,'2021-05-14',16.4875,1.30568,2.44387,0.538797,3.7852),(573,'2021-05-13',20.2848,1.20697,2.47861,0.519323,3.56395),(574,'2021-05-13',16.5925,1.92044,3.53016,1.36661,3.59436),(575,'2021-05-13',13.75,2.885,8.37467,2.70666,5.76665),(576,'2021-05-13',13.8,2.88,3.82087,2.30926,1.1166),(577,'2021-05-13',8.89286,1.71429,2.85181,1.2284,3.17379),(578,'2021-05-13',17.2048,1.95979,3.48145,1.41138,3.29106),(579,'2021-05-13',4.66667,2.33,4.218,2.0208,6.13883),(580,'2021-05-13',18.0985,1.36956,2.38584,0.628489,4.16369),(581,'2021-05-13',11.3333,1.71667,3.2242,1.08698,2.69998),(582,'2021-05-13',18.5412,2.72322,3.4411,2.59173,4.23447),(583,'2021-05-13',18.6173,1.52673,2.60104,0.825268,3.5302),(584,'2021-05-13',17.7466,2.11932,3.71032,1.58237,3.70406),(585,'2021-05-13',9.48333,1.64333,3.6842,1.18873,1.9111),(586,'2021-05-13',10.15,2.11571,3.32372,1.33832,3.2595),(587,'2021-05-12',16.3638,1.45064,2.60349,0.777071,4.03436),(588,'2021-05-12',19.4593,1.32185,2.40316,0.572065,4.34657),(589,'2021-05-12',18.3273,2.26291,3.70824,1.72784,4.19842),(590,'2021-05-12',12.2944,2.70111,4.37334,2.38984,5.06108),(591,'2021-05-12',13,0.83,2.81841,0.403663,2.5833),(592,'2021-05-12',12.5286,1.76571,3.23413,1.25026,4.00949),(593,'2021-05-12',8,4.54,8.43056,5.49642,7.5583),(594,'2021-05-12',13.6571,1.99714,3.10771,1.52153,3.52616),(595,'2021-05-12',13.05,2.388,3.90641,1.68063,5.41328),(596,'2021-05-12',17.6141,2.71803,3.55117,2.65023,6.23372),(597,'2021-05-12',16.4458,1.2825,2.64681,0.553017,3.52288),(598,'2021-05-12',19.5308,2.06568,3.44089,1.4981,4.09237),(599,'2021-05-12',10.7417,2.33333,3.43674,1.80091,3.34997),(600,'2021-05-12',19.6903,1.93552,3.28138,1.37678,3.91192),(601,'2021-05-11',9.21111,2.14778,2.82056,1.64686,4.01478),(602,'2021-05-11',17.1962,2.13695,3.5301,1.55683,3.87426),(603,'2021-05-11',14.7625,2.675,4.425,2.51333,3.57495),(604,'2021-05-11',17.5028,1.86617,3.21617,1.31616,4.20916),(605,'2021-05-11',18.8337,2.27622,3.76542,1.68779,4.20661),(606,'2021-05-11',16.3489,1.35822,2.33733,0.626057,3.86219),(607,'2021-05-11',37.1,1.92333,3.95333,1.46698,4.36107),(608,'2021-05-11',9.56667,2.19667,3.84333,1.60375,4.87773),(609,'2021-05-11',16.5469,1.45554,2.52451,0.746132,3.9519),(610,'2021-05-11',10,2.88333,5.56667,2.34159,4.18883),(611,'2021-05-11',18.2483,1.25767,2.588,0.532469,3.63386),(612,'2021-05-11',18.6394,2.7272,3.51783,2.61584,4.76968),(613,'2021-05-11',13.16,2.372,4.894,2.04723,2.1533),(614,'2021-05-10',16.9228,1.5232,2.57583,0.810314,3.70158),(615,'2021-05-10',16.2292,1.40125,2.74583,0.645913,3.31039),(616,'2021-05-10',12.075,1.34,2.5725,0.723553,4.56665),(617,'2021-05-10',17.9463,1.90209,3.55985,1.34053,4.27932),(618,'2021-05-10',11.6625,1.8475,3.06,1.21587,4.98747),(619,'2021-05-10',10.3125,2.47,3.775,2.00667,2.57083),(620,'2021-05-10',17.0219,2.72882,3.47187,2.69363,5.18),(621,'2021-05-10',16.0295,1.33386,2.27136,0.570685,5.37005),(622,'2021-05-10',10.625,2.26,4.625,1.5638,5.84995),(623,'2021-05-10',19.7185,1.91924,3.89402,1.36139,3.86646),(624,'2021-05-10',5.66667,1.91667,4.47333,1.46555,3.6111),(625,'2021-05-10',17.7356,2.23102,3.96421,1.64483,3.82813),(626,'2021-05-10',13.8,1.445,4.425,0.905269,4.5083),(627,'2021-05-09',15.0654,2.02538,3.7104,1.5581,4.18972),(628,'2021-05-09',20.2134,1.48634,2.84412,0.755159,4.23354),(629,'2021-05-09',17.4222,1.36667,2.75379,0.594539,4.3833),(630,'2021-05-09',19.4279,2.28596,3.93587,1.70665,4.22398),(631,'2021-05-09',10.5,1.64,4.3444,0.73828,2.8833),(632,'2021-05-09',20.2496,2.24061,3.77879,1.64807,4.12762),(633,'2021-05-09',19.2032,2.05778,3.45234,1.51066,3.84097),(634,'2021-05-09',21.35,1.42133,2.99994,0.709176,4.81329),(635,'2021-05-09',22.5811,2.5683,3.59571,2.36347,5.9789),(636,'2021-05-09',14.8667,1.23556,2.95884,0.749016,2.93516),(637,'2021-05-09',20.8857,1.88143,3.5844,1.39188,3.73091),(638,'2021-05-09',14.2437,1.59625,3.43882,1.00796,4.54997),(639,'2021-05-09',11.3286,2.05857,3.9448,1.59481,4.3595),(640,'2021-05-09',11.3,1.235,3.5294,0.712891,2.3666),(641,'2021-05-08',20.0844,1.50622,3.15642,0.863849,3.49663),(642,'2021-05-08',24.55,1.45778,2.83754,0.726354,4.11848),(643,'2021-05-08',4.5,2.06,2.88198,1.35469,8.2),(644,'2021-05-08',16.225,3.245,4.26337,2.75597,3.37287),(645,'2021-05-08',13.3,1.79,4.11587,1.2147,5.43883),(646,'2021-05-08',20.3244,2.25,4.03633,1.63415,4.04764),(647,'2021-05-08',18.6481,1.27667,2.48235,0.474745,3.37837),(648,'2021-05-08',21.7679,2.2625,4.2916,1.71674,4.3775),(649,'2021-05-08',13.1,1.82778,3.42198,1.20376,4.17402),(650,'2021-05-08',11.65,1.64,4.05587,1.19103,0.8833),(651,'2021-05-08',21.3795,2.91563,3.97357,2.86557,4.76156),(652,'2021-05-08',19.1934,1.88605,3.5456,1.31645,4.49777),(653,'2021-05-07',19.336,2.05551,3.49467,1.52696,4.05446),(654,'2021-05-07',15.8947,1.43913,2.69652,0.7369,4.32812),(655,'2021-05-07',11.95,3.195,5.31542,3.18537,6.1833),(656,'2021-05-07',18.33,2.388,3.27342,1.90322,4.67664),(657,'2021-05-07',14.2667,1.17,3.34098,0.645403,3.01108),(658,'2021-05-07',17.5182,1.77444,3.06134,1.2109,4.23279),(659,'2021-05-07',18.2368,2.33485,4.26826,1.75077,4.34752),(660,'2021-05-07',20.742,1.2796,2.64102,0.570573,4.46864),(661,'2021-05-07',8.275,1.5475,3.69515,1.06766,2.22915),(662,'2021-05-07',13.68,1.974,3.17942,1.40277,4.20996),(663,'2021-05-07',18.849,2.8606,3.975,2.81067,7.27111),(664,'2021-05-07',8,2.06,3.35765,1.32539,4.4),(665,'2021-05-07',16.148,1.3296,2.35262,0.598733,5.04031),(666,'2021-05-07',13.65,1.64,4.44265,0.9609,0.9),(667,'2021-05-06',18.9279,2.25081,3.88249,1.69791,4.94572),(668,'2021-05-06',12.9875,2.575,4.23325,2.00609,4.69371),(669,'2021-05-06',16.9303,2.06808,3.34913,1.45428,4.66699),(670,'2021-05-06',11.975,2.055,3.68021,1.58123,5.16663),(671,'2021-05-06',16.7,1.64667,2.72034,1.02884,5.06667),(672,'2021-05-06',17.6175,1.31667,2.48293,0.595013,4.44587),(673,'2021-05-06',16.4878,1.92305,3.1189,1.34907,4.24367),(674,'2021-05-06',10.4333,1.78,3.81367,1.35497,4.9722),(675,'2021-05-06',13.5,2.47,4.78771,2.30121,3.46245),(676,'2021-05-06',16.6824,1.32794,2.66256,0.589054,4.04948),(677,'2021-05-06',18.3148,2.7818,4.11941,2.71608,6.1263),(678,'2021-05-06',17.503,1.53195,2.6328,0.857452,4.88175),(679,'2021-05-06',10.9643,1.94,2.81735,1.32259,3.31664),(680,'2021-05-05',19.77,2.20896,3.60228,1.61894,5.47937),(681,'2021-05-05',5,2.055,4.22204,1.1774,2),(682,'2021-05-05',15.6667,1.78,4.94062,1.28717,3.99997),(683,'2021-05-05',16.004,1.3456,2.66556,0.581968,4.75463),(684,'2021-05-05',18,2.26,3.93396,1.84635,5.6166),(685,'2021-05-05',17.3268,1.48979,2.49684,0.775377,4.72127),(686,'2021-05-05',12.8,3.3,4.42704,2.75524,6.8333),(687,'2021-05-05',8.9375,2.47,3.04771,2.1006,4.67077),(688,'2021-05-05',17.1404,2.7531,3.68241,2.63323,6.25685),(689,'2021-05-05',15.6227,1.37303,2.37153,0.581852,4.90249),(690,'2021-05-05',18.5617,2.11367,3.55993,1.54379,3.762),(691,'2021-05-05',20.5,1.3325,3.17204,0.80994,1.6583),(692,'2021-05-05',15.8335,2.02897,3.2057,1.48245,3.93931),(693,'2021-05-05',10.94,2.308,3.77304,1.63204,2.4833),(694,'2021-05-04',17.3962,1.36208,2.44925,0.595975,4.52229),(695,'2021-05-04',17.0757,2.59342,3.43561,2.41215,6.22358),(696,'2021-05-04',13.1417,2.9,4.08333,2.99802,7.07218),(697,'2021-05-04',11.5375,1.5425,3.32,1.0434,4.25415),(698,'2021-05-04',22.7,1.23,3.42,0.862683,3.25),(699,'2021-05-04',18.1059,2.2256,3.72558,1.65878,4.36392),(700,'2021-05-04',17.8458,1.44218,2.43811,0.724269,4.84996),(701,'2021-05-04',9.375,2.675,3.2025,1.88232,5.82495),(702,'2021-05-04',7.625,1.65,2.5575,1.06941,1.91665),(703,'2021-05-04',15.3333,1.91667,4.98667,1.41798,2.68887),(704,'2021-05-04',16.25,1.28929,2.42357,0.553447,3.70235),(705,'2021-05-04',18.6698,2.29073,3.76354,1.73448,3.94997),(706,'2021-05-04',17.75,2.23429,3.23714,1.7511,6.4571),(707,'2021-05-04',15.7441,1.87421,3.17408,1.30278,4.33571),(708,'2021-05-03',10.9,1.64,3.98,0.9609,1.9333),(709,'2021-05-03',11.92,1.814,3.21,1.19787,2.95664),(710,'2021-05-03',20.4625,2.6775,4.09,2.65244,3.36665),(711,'2021-05-03',16.7793,1.828,3.2304,1.30076,3.82263),(712,'2021-05-03',9.8,2.47,5.872,2.05495,8.70994),(713,'2021-05-03',14.47,1.806,3.051,1.27751,3.48998),(714,'2021-05-03',21.0493,2.39735,3.25044,2.09229,5.07423),(715,'2021-05-03',21.1633,1.34067,2.82333,0.647132,3.67329),(716,'2021-05-03',22.1636,2.24973,3.97273,1.67807,4.20027),(717,'2021-05-03',18.1734,2.32362,3.81003,1.7593,4.40849),(718,'2021-05-03',19.6731,1.51115,2.71237,0.802234,3.80552),(719,'2021-05-03',19.6867,1.31233,2.454,0.553937,4.19386),(720,'2021-05-03',10.09,2.47,4.516,1.85678,2.59664),(721,'2021-05-02',18.3667,1.29889,2.75428,0.548495,3.77776),(722,'2021-05-02',21.2307,1.77682,3.32861,1.2264,4.68709),(723,'2021-05-02',15.85,1.23714,3.21033,0.457676,2.73091),(724,'2021-05-02',10,2.61,4.21414,1.92283,6.4111),(725,'2021-05-02',15.6917,2.88333,4.09747,2.42054,4.15273),(726,'2021-05-02',17.9231,2.31308,3.97055,1.64689,3.11663),(727,'2021-05-02',19.8971,1.80057,3.1009,1.28902,3.2252),(728,'2021-05-02',13.3667,2.33333,3.43095,1.84213,3.48887),(729,'2021-05-02',18.6125,1.90375,4.70803,1.46736,3.27289),(730,'2021-05-02',23.6239,2.69022,4.43765,2.56839,4.81645),(731,'2021-05-02',20.7207,2.32757,4.0845,1.74254,4.93555),(732,'2021-05-02',16.4061,1.41714,2.79102,0.714649,3.35404),(733,'2021-05-01',19.2875,1.292,2.50466,0.564467,5.0808),(734,'2021-05-01',19.0295,1.41773,2.43387,0.70023,4.09504),(735,'2021-05-01',14.6,3.3,4.61557,2.90968,4.94165),(736,'2021-05-01',17.5393,1.75143,2.80128,1.14325,4.24461),(737,'2021-05-01',17.6269,2.09077,4.36595,1.58185,4.53074),(738,'2021-05-01',8.86667,1.37333,3.2839,0.812121,4.30553),(739,'2021-05-01',22.9034,2.40616,4.2798,1.83117,5.0617),(740,'2021-05-01',14.6077,2.37692,3.77024,1.99813,2.84355),(741,'2021-05-01',21.3619,2.68257,3.43251,2.52937,5.62637),(742,'2021-05-01',22.6828,1.87687,3.16401,1.32665,4.44996),(743,'2021-05-01',10.3167,1.92333,3.77383,1.46224,5.69997),(744,'2021-05-01',20.2667,1.78556,4.24724,1.23805,6.02404),(745,'2021-05-01',13.375,2.3675,4.88216,1.89286,4.5833),(746,'2021-04-30',19.8246,1.79842,3.15187,1.22596,3.18359),(747,'2021-04-30',8.6,2.552,4.46958,2.3625,3.36662),(748,'2021-04-30',12.8,1.23,2.64012,0.85474,1.45),(749,'2021-04-30',9.125,2.37,4.10512,1.92101,3.34162),(750,'2021-04-30',20.2,1.8534,3.48652,1.34671,3.7143),(751,'2021-04-30',8.25,1.645,3.58158,1.15879,1.69995),(752,'2021-04-30',21.4228,2.14298,4.04377,1.60825,3.96694),(753,'2021-04-30',10.2,1.435,3.12012,0.870039,0.75),(754,'2021-04-30',17.7529,1.47616,2.7671,0.803956,3.5178),(755,'2021-04-30',10.7417,2.95333,4.41491,3.04541,3.83607),(756,'2021-04-30',19.4867,2.64101,3.48968,2.46894,4.46251),(757,'2021-04-30',13.93,2.636,4.08412,2.08921,12.6966),(758,'2021-04-29',16.3717,1.79733,2.98702,1.22739,3.29691),(759,'2021-04-29',20.0793,2.53409,3.35569,2.30151,3.84047),(760,'2021-04-29',5.9,2.06,3.22502,1.25164,1.8166),(761,'2021-04-29',23.1918,2.06735,3.27363,1.50652,3.10031),(762,'2021-04-29',21.0911,2.16356,3.62302,1.61032,3.36026),(763,'2021-04-29',13.58,3.298,5.06702,3.31209,2.48996),(764,'2021-04-29',17.4121,1.5008,2.5214,0.821533,3.46127),(765,'2021-04-29',11.875,2.05667,3.12418,1.48938,2.02222),(766,'2021-04-29',15.0087,1.2625,2.28577,0.538437,3.61121),(767,'2021-04-29',12.5,1.64667,3.09635,1.04787,3.73887),(768,'2021-04-29',4,2.06,3.36302,1.41079,1.35),(769,'2021-04-29',8.95,1.85,5.36802,1.32998,3.09165),(770,'2021-04-29',10.42,2.267,3.56202,1.81874,2.12662),(771,'2021-04-28',17.0772,2.04935,3.25401,1.47062,3.76772),(772,'2021-04-28',19.2576,2.43495,3.14576,2.14169,5.20049),(773,'2021-04-28',17.5872,1.32681,2.32963,0.581203,3.79854),(774,'2021-04-28',18.5696,1.4031,2.52913,0.744907,4.4958),(775,'2021-04-28',8,2.47,2.77687,1.88956,5.1833),(776,'2021-04-28',19.2187,2.14332,3.77981,1.59058,3.92347),(777,'2021-04-28',18.735,1.872,3.15565,1.30533,3.80525),(778,'2021-04-28',9.0625,1.54,2.76187,0.690183,3.4583),(779,'2021-04-28',8.94,2.634,4.91432,1.93812,4.15996),(780,'2021-04-28',9.675,2.67833,4.56532,2.31241,2.78608),(781,'2021-04-28',14.5667,2.65556,3.65798,2.35242,3.45737),(782,'2021-04-28',15.86,2.06,4.44232,1.60191,4.73996),(783,'2021-04-28',11.7833,1.64667,3.64032,1.1535,3.27773),(784,'2021-04-27',18.3184,2.19591,3.41213,1.68326,3.41588),(785,'2021-04-27',16.9,2.33,4.65318,1.83098,3.61663),(786,'2021-04-27',8.8625,2.4725,4.36021,2.05875,5.44995),(787,'2021-04-27',14.4286,2.64857,3.40843,2.03908,4.09997),(788,'2021-04-27',13.2333,2.74667,5.30651,2.71718,1.7333),(789,'2021-04-27',4,1.64,3.37818,1.18547,17.0833),(790,'2021-04-27',16.9994,1.50615,2.48658,0.772704,3.31129),(791,'2021-04-27',18.9037,1.72515,3.00477,1.17153,3.99678),(792,'2021-04-27',15.2583,1.50833,2.89604,1,2.09997),(793,'2021-04-27',16.475,2.1738,3.42331,1.6342,3.69663),(794,'2021-04-27',19.846,2.6204,3.17622,2.37676,4.36166),(795,'2021-04-27',7.9,1.23,4.00271,0.765638,1.7833),(796,'2021-04-27',17.3117,1.21833,2.26284,0.503562,3.08164),(797,'2021-04-26',15.2635,1.37486,2.27962,0.636905,3.32744),(798,'2021-04-26',19.5217,1.458,2.61974,0.770727,3.27886),(799,'2021-04-26',10.2333,2.05667,3.63668,1.6747,1.96667),(800,'2021-04-26',9.67,2.387,4.90534,1.73828,2.89664),(801,'2021-04-26',12.0611,2.42444,4.4034,2.04025,1.80552),(802,'2021-04-26',18.8661,1.71214,3.15531,1.19733,3.45533),(803,'2021-04-26',13.5,3.71,6.3184,4.20486,6.4833),(804,'2021-04-26',17.9665,2.54239,3.24173,2.33731,3.26825),(805,'2021-04-26',14.6,1.51333,3.34001,0.963977,2.79443),(806,'2021-04-26',9.78333,2.06,3.87001,1.54796,3.24997),(807,'2021-04-26',12.5,1.78333,2.6834,1.33621,3.0111),(808,'2021-04-26',19.9222,2.12422,3.80366,1.56407,3.11865),(809,'2021-04-26',15.2677,1.91369,3.21581,1.41465,3.0451),(810,'2021-04-25',20.7,1.93522,3.3204,1.64391,3.07606),(811,'2021-04-25',15.8,2.514,4.06075,1.9474,1.77329),(812,'2021-04-25',21.5627,2.3366,3.97047,1.76566,3.43003),(813,'2021-04-25',9.75,1.23,2.76636,0.498816,2.8583),(814,'2021-04-25',18.625,2.019,3.63575,1.72843,3.31663),(815,'2021-04-25',29.026,1.2632,3.14056,0.480969,3.29796),(816,'2021-04-25',6.3,1.562,3.62836,1.02248,2.09998),(817,'2021-04-25',10.1429,2.17571,3.97404,1.54145,2.81187),(818,'2021-04-25',20.3173,1.83082,3.37679,1.28425,2.84215),(819,'2021-04-25',21.4041,2.4026,4.39958,2.14496,3.64107),(820,'2021-04-25',14.845,1.848,4.27536,1.33961,2.32329),(821,'2021-04-25',21.6032,1.58435,3.60338,0.8818,3.5954),(822,'2021-04-25',22.1083,2.13,3.94475,1.52004,3.2583),(823,'2021-04-24',20.8075,1.936,3.86643,1.3664,2.36122),(824,'2021-04-24',8.125,2.1625,3.76718,1.55466,1.06665),(825,'2021-04-24',20.775,1.58357,2.88325,0.893595,3.24133),(826,'2021-04-24',18.9238,1.40619,2.33087,0.618934,3.96742),(827,'2021-04-24',15.7667,2.47,3.97302,1.98555,4.38887),(828,'2021-04-24',23.9331,2.62992,3.50971,2.41588,3.53653),(829,'2021-04-24',8.5,2.055,3.30753,1.56172,3.14165),(830,'2021-04-24',15.7056,2.19333,4.13809,1.75485,2.69071),(831,'2021-04-24',13.525,1.6975,3.88218,1.16512,1.38539),(832,'2021-04-24',21.8182,2.33818,4.38195,1.78343,2.86883),(833,'2021-04-24',30,2.88,4.40753,2.45777,3.1166),(834,'2021-04-24',27.4048,1.68762,3.09588,1.10184,2.64125),(835,'2021-04-23',9,2.06,2.95706,1.44658,3.3),(836,'2021-04-23',22.0009,2.35223,4.18744,1.78716,2.98636),(837,'2021-04-23',16.7432,1.36091,2.34138,0.618676,2.9564),(838,'2021-04-23',13.6187,1.905,4.20766,1.47773,2.9958),(839,'2021-04-23',11.9286,1.64571,3.39356,1.06195,2.67377),(840,'2021-04-23',19.6904,2.43894,3.27544,2.12827,3.18164),(841,'2021-04-23',13.3833,2.88333,4.72039,2.69078,4.11388),(842,'2021-04-23',5,2.33,2.58206,1.91409,5.1833),(843,'2021-04-23',17.0091,2.00636,3.32332,1.44735,2.5639),(844,'2021-04-23',19.0216,1.89743,3.57033,1.35385,3.1815),(845,'2021-04-23',9.9375,1.2375,3.25392,0.703684,3.55833),(846,'2021-04-23',9.95,2.097,4.16491,1.58758,3.19998),(847,'2021-04-23',17.0058,1.46348,2.64496,0.787188,3.12364),(848,'2021-04-22',10.39,1.89,4.24857,1.30964,2.12664),(849,'2021-04-22',21.0617,2.52514,3.94272,2.26528,2.84187),(850,'2021-04-22',20.1522,1.66418,3.09642,1.1231,2.33504),(851,'2021-04-22',11.85,1.64,3.09657,1.23881,2.87495),(852,'2021-04-22',21.6293,2.095,3.50346,1.53789,2.41691),(853,'2021-04-22',19.2379,2.0902,3.68399,1.5294,2.63019),(854,'2021-04-22',8,1.23,3.06782,0.624367,2.1333),(855,'2021-04-22',11.8,1.445,4.43157,0.990022,2.7333),(856,'2021-04-22',11.1333,0.83,3.1299,0.38345,2.21663),(857,'2021-04-22',15.7,3.71,6.65782,4.47956,2.4833),(858,'2021-04-22',17.3522,1.32022,2.76695,0.559493,2.71845),(859,'2021-04-22',18.8704,1.49254,2.85542,0.782812,3.03753),(860,'2021-04-21',20.8937,2.13992,3.64887,1.58608,2.90386),(861,'2021-04-21',12.0125,1.1325,3.40073,0.369787,1.69578),(862,'2021-04-21',10.625,2.16,2.66258,1.57675,2.26248),(863,'2021-04-21',19.631,1.88776,3.3753,1.33183,2.16462),(864,'2021-04-21',17.8453,2.62139,3.45392,2.45376,3.00071),(865,'2021-04-21',16,1.892,3.30973,1.32164,2.61328),(866,'2021-04-21',18.6737,1.2825,2.33433,0.557786,3.14538),(867,'2021-04-21',11.4,2.54,3.5705,2.27929,1.88055),(868,'2021-04-21',8.66,2.716,3.80373,2.11095,3.30664),(869,'2021-04-21',19.0107,1.50653,2.5813,0.799806,3.22242),(870,'2021-04-21',9.25,3.71333,6.17883,3.91928,1.9222),(871,'2021-04-21',21.1518,2.02232,3.54073,1.45183,3.0583),(872,'2021-04-21',10.35,0.83,2.75073,0.360158,1.4),(873,'2021-04-20',18.5667,1.97067,3.52432,1.42791,2.3508),(874,'2021-04-20',18.0281,1.43703,2.49271,0.710832,3.17888),(875,'2021-04-20',17.9606,2.43212,3.12939,2.20849,3.6429),(876,'2021-04-20',7.6875,3.7125,4.98407,3.33487,2.16663),(877,'2021-04-20',11.3333,3.02333,4.30995,2.71893,1.60553),(878,'2021-04-20',8.5,0.83,2.63661,0.180037,2.1166),(879,'2021-04-20',12.725,2.47,3.82532,2.03484,2.22079),(880,'2021-04-20',8,1.23,2.53661,0.624367,5.75),(881,'2021-04-20',18.9734,1.83177,3.16363,1.24506,2.72013),(882,'2021-04-20',18.8098,1.31957,2.33553,0.542889,3.46048),(883,'2021-04-20',19.8034,2.11806,3.53739,1.55943,2.52388),(884,'2021-04-20',13.025,1.235,3.26282,0.686951,2.1333),(885,'2021-04-20',13.325,1.955,3.35032,1.40284,2.01245),(886,'2021-04-19',19.2293,2.22311,3.88213,1.64322,2.57251),(887,'2021-04-19',17.494,2.00313,3.52273,1.48392,2.64947),(888,'2021-04-19',16.9833,2.16083,3.49303,1.59861,2.97079),(889,'2021-04-19',17.6452,2.03306,3.5161,1.45667,2.28545),(890,'2021-04-19',17.7169,1.46631,2.51488,0.758528,3.17125),(891,'2021-04-19',14.32,2.14,3.41211,1.70881,1.92998),(892,'2021-04-19',8.5,3.505,5.04811,3.83141,2.8083),(893,'2021-04-19',17.0085,1.37736,2.24094,0.620291,3.0006),(894,'2021-04-19',8.1,1.37333,2.53811,0.739525,3.43887),(895,'2021-04-19',17.7131,2.5942,3.28652,2.35902,2.90101),(896,'2021-04-19',21.5333,1.51333,3.20636,0.959358,4.02217),(897,'2021-04-19',10.75,3.7125,5.23803,3.36759,2.59165),(898,'2021-04-19',15.65,1.235,3.04803,0.73986,2.72495),(899,'2021-04-18',22.2008,2.65772,3.69542,2.52089,2.99847),(900,'2021-04-18',15.24,1.646,3.71766,1.18795,2.87994),(901,'2021-04-18',17.6,2.224,3.56305,1.89569,1.58162),(902,'2021-04-18',20.8416,2.33173,4.09491,1.74226,2.44925),(903,'2021-04-18',19.3476,1.32857,2.54005,0.62545,3.21743),(904,'2021-04-18',22.35,2.06,3.54303,1.45469,2.45206),(905,'2021-04-18',8.25,2.055,2.73505,1.60945,2.99165),(906,'2021-04-18',26.713,1.98652,3.83105,1.4155,4.0688),(907,'2021-04-18',18.6292,2.0925,4.10783,1.61601,3.05553),(908,'2021-04-18',19.0181,1.58234,2.60878,0.870908,2.82443),(909,'2021-04-18',10.125,2.0575,3.53755,1.60418,2.37913),(910,'2021-04-18',13.1667,2.67833,4.13366,2.11534,2.90553),(911,'2021-04-18',26.1,1.855,3.43366,1.37847,3.67495),(912,'2021-04-17',21.5333,1.87481,3.7111,1.30781,2.45614),(913,'2021-04-17',26.0587,1.35565,2.68309,0.58333,2.60214),(914,'2021-04-17',10.125,2.9875,4.55804,2.47207,1.76663),(915,'2021-04-17',15.25,1.85,4.26554,1.3535,5.84165),(916,'2021-04-17',24.5615,2.77771,3.7593,2.72022,3.09416),(917,'2021-04-17',7,2.06,2.77526,1.40077,2.25),(918,'2021-04-17',0,0,0,0,0),(919,'2021-04-17',22.3438,1.64375,3.36555,1.17522,1.54995),(920,'2021-04-17',16.3244,1.53415,2.78648,0.847952,3.1333),(921,'2021-04-17',16.7625,2.52125,3.99776,2.23715,4.8687),(922,'2021-04-17',23.925,2.11929,3.57197,1.51976,3.34164),(923,'2021-04-17',22.5783,2.31737,4.12823,1.7594,2.63044),(924,'2021-04-17',8.5,4.54,10.8753,5.35141,1.4833),(925,'2021-04-16',17.3675,1.5846,2.77153,0.832726,3.3878),(926,'2021-04-16',20.8514,2.46994,3.36147,2.21898,2.83321),(927,'2021-04-16',9.85,2.265,5.2306,1.68293,6.32495),(928,'2021-04-16',17.5446,1.98411,3.39703,1.40626,2.53628),(929,'2021-04-16',9,2.055,3.79883,1.34628,1.8333),(930,'2021-04-16',20.4379,2.13114,4.33663,1.6,2.89675),(931,'2021-04-16',13.7,1.64,2.37383,1.06843,5.54995),(932,'2021-04-16',11.3,1.64,3.0156,1.02634,6.8),(933,'2021-04-16',21.7019,1.98019,3.29156,1.4546,3.27241),(934,'2021-04-16',16.3276,1.28759,2.34504,0.505144,2.69193),(935,'2021-04-16',12.25,2.265,3.8856,2.0394,2.35),(936,'2021-04-16',11.6625,2.78,4.42383,2.6643,3.10413),(937,'2021-04-16',12.3375,2.31625,3.6356,1.79999,3.61664),(938,'2021-04-15',16.6804,1.74314,3.13101,1.18174,2.56827),(939,'2021-04-15',19.0271,2.01878,3.58481,1.46851,2.80244),(940,'2021-04-15',0,0,0,0,0),(941,'2021-04-15',11.6286,1.76429,2.78146,1.27159,2.53567),(942,'2021-04-15',12.5,0.83,2.18656,0.203904,4.2666),(943,'2021-04-15',18.0333,1.49362,2.49047,0.796392,3.58788),(944,'2021-04-15',12.5,2.19333,4.20489,1.96223,1.76663),(945,'2021-04-15',15.1111,2.88333,4.21614,2.3164,2.17776),(946,'2021-04-15',18.4366,2.42595,3.2856,2.11853,3.16644),(947,'2021-04-15',18.5652,1.26821,2.38013,0.511487,3.26663),(948,'2021-04-15',8.46667,2.05667,4.00336,1.49265,0.438867),(949,'2021-04-15',14.25,1.85,3.37656,1.37811,2.02495),(950,'2021-04-15',19.9862,1.90965,3.20985,1.33915,2.88071),(951,'2021-04-14',16.1,2.554,3.73831,2.01695,2.36664),(952,'2021-04-14',19.5475,1.40823,2.50418,0.696648,2.5198),(953,'2021-04-14',17.5531,1.29083,2.32409,0.53449,3.1583),(954,'2021-04-14',22.2808,1.96346,3.3755,1.4314,2.86503),(955,'2021-04-14',13,1.64,2.21722,0.820757,2.3166),(956,'2021-04-14',19.6009,1.78333,3.09253,1.24844,2.48916),(957,'2021-04-14',18.3578,2.58542,3.3949,2.36698,3.42045),(958,'2021-04-14',19.5159,2.1614,3.29325,1.61331,2.92949),(959,'2021-04-14',12.7583,3.36667,4.50055,3.39948,3.02498),(960,'2021-04-14',9.125,3.3,4.04722,2.98163,2.02495),(961,'2021-04-14',7.25,1.23,2.74031,0.498204,3.2833),(962,'2021-04-14',13.3,1.645,4.54031,1.08433,4.5583),(963,'2021-04-13',17.017,1.3582,2.79726,0.837002,2.5053),(964,'2021-04-13',19.088,2.30206,3.7911,1.74651,3.00738),(965,'2021-04-13',17.7079,1.32763,2.58449,0.576175,3.23154),(966,'2021-04-13',17.5892,1.4427,2.71715,0.728423,2.836),(967,'2021-04-13',16.3,2.47,4.93866,1.93672,1.45),(968,'2021-04-13',6,1.23,2.68634,0.310559,0.95),(969,'2021-04-13',10.625,3.22833,4.26533,2.59657,3.02498),(970,'2021-04-13',16.951,2.08212,3.29289,1.51398,2.7724),(971,'2021-04-13',19.7384,2.56871,3.78421,2.37091,2.8519),(972,'2021-04-13',12.44,3.874,4.56466,3.36884,2.60996),(973,'2021-04-12',10.2,2.58333,4.21345,1.12899,2.16667),(974,'2021-04-12',14.9667,0.83,3.74904,0.293143,3.39997),(975,'2021-04-12',21.0677,1.83562,2.99091,1.27588,3.24927),(976,'2021-04-12',4.5,1.64,2.46179,0.820757,2.0666),(977,'2021-04-12',13.8941,2.54588,4.01551,1.98656,2.9284),(978,'2021-04-12',16.202,1.47667,2.87806,0.945335,2.4248),(979,'2021-04-12',20.2763,2.10328,3.81962,1.55781,2.61857),(980,'2021-04-12',18.617,2.64397,3.30165,2.45449,3.32679),(981,'2021-04-12',18.2795,1.29436,2.30961,0.571721,2.85296),(982,'2021-04-12',11.8333,3.02333,4.76237,3.02511,7.4833),(983,'2021-04-12',11.675,1.435,2.56679,0.878237,1.14165),(984,'2021-04-12',17.7472,1.45148,2.61127,0.746477,3.03482),(985,'2021-04-11',9,2.26,3.8219,1.66837,1.6),(986,'2021-04-11',20.1863,2.28335,3.83709,1.75773,2.89372),(987,'2021-04-11',20.4654,1.325,3.00517,0.577052,3.64098),(988,'2021-04-11',20.4258,1.64613,3.08043,1.09179,3.24459),(989,'2021-04-11',6.3125,2.2625,3.78834,1.78669,2.6208),(990,'2021-04-11',24,1.64,2.6169,0.934816,2.7166),(991,'2021-04-11',23.8053,1.42532,2.8886,0.740076,3.57763),(992,'2021-04-11',24.1362,1.4085,2.91634,0.88811,3.39705),(993,'2021-04-11',16.9,1.93857,3.34119,1.44833,2.89046),(994,'2021-04-11',19.0333,1.51,3.73334,1.08174,1.93887),(995,'2021-04-11',16.9909,2.99636,3.97243,2.39911,1.99541),(996,'2021-04-11',25.6235,2.4325,4.26215,2.17581,3.34696),(997,'2021-04-10',13.3708,3.43583,5.74961,2.87344,3.39857),(998,'2021-04-10',9.925,2.885,5.44631,2.88598,2.0458),(999,'2021-04-10',24.1312,2.64832,3.50863,2.52028,2.98463),(1000,'2021-04-10',22.5107,1.69357,2.84794,1.14295,4.51008),(1001,'2021-04-10',21.4214,1.55122,3.15641,0.84949,3.68194),(1002,'2021-04-10',20.1633,2.44608,3.89837,1.91678,2.86236),(1003,'2021-04-10',20.4355,1.34935,2.45953,0.633237,2.77093),(1004,'2021-04-10',17.075,2.47143,4.27631,2.20752,3.08092),(1005,'2021-04-10',14.5,2.33667,4.38628,2.03477,6.63883),(1006,'2021-04-10',28.15,1.85,3.99794,1.22057,3.09995),(1007,'2021-04-10',9.8125,1.4425,2.80756,0.925267,6.2125),(1008,'2021-04-10',20.98,1.4644,2.71455,0.946175,2.3133),(1009,'2021-04-09',11.8,1.78,4.19524,1.17075,1.91663),(1010,'2021-04-09',19.0795,1.51932,3.082,0.79698,3.64289),(1011,'2021-04-09',11.8,1.50667,4.22857,0.788763,1.85553),(1012,'2021-04-09',13.85,2.885,4.32137,2.33736,1.9083),(1013,'2021-04-09',0,0,0,0,0),(1014,'2021-04-09',18.926,1.604,3.01977,1.08434,3.93396),(1015,'2021-04-09',20.0196,2.66813,4.04991,2.51376,2.96735),(1016,'2021-04-09',17.9316,1.86421,3.47426,1.3149,2.40392),(1017,'2021-04-09',16.8686,1.33629,2.792,0.580496,2.91663),(1018,'2021-04-09',22.6018,2.35636,4.15877,1.82432,3.10937),(1019,'2021-04-09',21.6,2.06,3.00637,1.55646,0.9833),(1020,'2021-04-09',12.1375,2.73,4.21137,2.10289,1.93747),(1021,'2021-04-09',8.5,2.06,3.22857,1.59888,1.5166),(1022,'2021-04-08',18.9451,2.73269,3.38631,2.62466,3.02),(1023,'2021-04-08',9.85,1.4375,3.43018,0.971478,1.5333),(1024,'2021-04-08',19.4682,1.39818,2.882,0.896556,2.44755),(1025,'2021-04-08',22.0298,2.18452,3.65708,1.61875,3.25235),(1026,'2021-04-08',9.46667,1.64,2.84918,0.838955,1.9611),(1027,'2021-04-08',15.9358,1.33075,2.4683,0.607904,3.30374),(1028,'2021-04-08',17.5333,1.23333,2.84351,0.732854,2.51663),(1029,'2021-04-08',20.5945,2.24735,3.62283,1.71184,3.08874),(1030,'2021-04-08',9.83333,1.64,3.67018,1.21591,2.95553),(1031,'2021-04-08',11.2083,2.40333,3.49418,2.06958,2.32497),(1032,'2021-04-08',18.4342,1.45921,2.41591,0.765368,2.86751),(1033,'2021-04-08',8.6,1.23,5.09018,0.723195,1.4166),(1034,'2021-04-08',12.2,3.92,5.67084,4.12934,1.99165),(1035,'2021-04-07',31.7,2.88,3.08324,2.45777,4.7833),(1036,'2021-04-07',14.225,3.295,5.26824,3.21744,1.775),(1037,'2021-04-07',7.6,0.83,3.46199,0.332971,2.05),(1038,'2021-04-07',19.0576,2.70229,3.65229,2.52382,3.09004),(1039,'2021-04-07',17.4513,1.5,2.59924,0.864732,2.93397),(1040,'2021-04-07',7.6,1.23,5.72198,0.807282,2.0666),(1041,'2021-04-07',24.8444,1.9325,3.60421,1.36669,2.36853),(1042,'2021-04-07',8,1.85,2.65824,1.22878,1.1833),(1043,'2021-04-07',17.5974,1.30487,2.35965,0.590211,2.57004),(1044,'2021-04-07',8.5,3.71,4.03198,2.89445,1.2833),(1045,'2021-04-07',21.9263,1.47289,3.00383,0.965487,2.2811),(1046,'2021-04-07',19.866,2.24599,3.71453,1.7003,2.50186),(1047,'2021-04-07',17.1875,2.3175,3.52323,1.74627,3.03538),(1048,'2021-04-06',19.252,1.31098,2.24735,0.592819,2.88984),(1049,'2021-04-06',19.5745,1.51489,2.84292,0.976997,2.7833),(1050,'2021-04-06',11.3,2.60667,4.32422,2.45543,3.28883),(1051,'2021-04-06',0,0,0,0,0),(1052,'2021-04-06',22.9477,2.06773,3.45179,1.45784,3.07421),(1053,'2021-04-06',11.9,0.963333,2.88277,0.482888,2.08883),(1054,'2021-04-06',19.5856,2.80819,3.67715,2.67668,3.05364),(1055,'2021-04-06',0,0,0,0,0),(1056,'2021-04-06',19.2863,2.25957,3.50333,1.70826,2.85888),(1057,'2021-04-06',12.0583,2.60833,3.63255,2.44894,3.05273),(1058,'2021-04-06',16.574,1.47714,2.58378,0.784961,2.60408),(1059,'2021-04-06',5,1.64,3.22755,0.76155,3.1666),(1060,'2021-04-06',13.175,3.505,4.49611,2.7878,2.04995),(1061,'2021-04-05',13.6636,3.37182,4.70514,2.91537,2.76511),(1062,'2021-04-05',0,0,0,0,0),(1063,'2021-04-05',11.85,3.195,4.99346,3.27186,3.24163),(1064,'2021-04-05',19.7,2.47,4.00786,1.76856,2.5666),(1065,'2021-04-05',17.9974,2.65244,3.31837,2.45036,3.25695),(1066,'2021-04-05',22.0502,2.44575,3.898,1.85933,2.66),(1067,'2021-04-05',9.37778,2.92889,4.01009,2.37788,1.9907),(1068,'2021-04-05',18.3536,1.48916,2.55439,0.800711,3.24776),(1069,'2021-04-05',22.7237,1.64842,3.34944,1.08317,2.90084),(1070,'2021-04-05',15.1378,1.33089,2.28196,0.758615,3.2007),(1071,'2021-04-05',6.85,2.675,4.01096,2.37178,2.2833),(1072,'2021-04-05',22.2812,1.595,3.0337,1.03726,2.07149),(1073,'2021-04-04',14.7,3.29667,4.33146,2.91773,1.43883),(1074,'2021-04-04',22.8293,1.25931,2.31454,0.541222,3.34192),(1075,'2021-04-04',8.1,1.5425,2.83609,0.960833,1.63748),(1076,'2021-04-04',19.2042,1.58333,2.719,0.879931,2.54823),(1077,'2021-04-04',14.9083,1.16833,3.5598,0.773359,2.72218),(1078,'2021-04-04',17.1409,1.38545,2.97752,0.884669,1.70601),(1079,'2021-04-04',21.9014,2.56068,5.82058,2.03403,2.56821),(1080,'2021-04-04',13.07,2.14,3.8058,1.58493,2.66996),(1081,'2021-04-04',25.0446,2.82721,3.88694,2.68943,3.31288),(1082,'2021-04-04',22.0947,1.40842,3.0969,0.910635,2.39471),(1083,'2021-04-04',14.675,2.2625,3.26609,1.90308,3.53748),(1084,'2021-04-04',12.6667,2.88333,5.26442,3.00797,2.43883),(1085,'2021-04-03',11.25,2.5725,5.54309,1.9515,4.84163),(1086,'2021-04-03',23.3735,2.38667,5.61139,1.83751,2.3907),(1087,'2021-04-03',16.45,3.92,6.03802,4.47273,5.5583),(1088,'2021-04-03',20.502,2.96724,4.08761,2.99661,3.15575),(1089,'2021-04-03',22.6955,1.60636,2.96499,0.90305,2.5636),(1090,'2021-04-03',17.58,1.396,3.52757,0.860372,3.10996),(1091,'2021-04-03',8.33333,1.50333,3.04468,0.845613,2.9333),(1092,'2021-04-03',18.6192,1.29308,2.47186,0.612162,2.08587),(1093,'2021-04-03',17.7,1.4925,3.26957,0.996746,2.22914),(1094,'2021-04-03',19.3444,2.88444,4.21179,2.45815,3.41108),(1095,'2021-04-03',15.9625,2.47,4.07302,2.17586,3.36663),(1096,'2021-04-03',27.45,2.41143,3.48671,1.79046,3.59046),(1097,'2021-04-02',15.6667,1.92333,3.96954,1.34253,4.79997),(1098,'2021-04-02',27.5,1.82,3.98013,1.2496,2.26075),(1099,'2021-04-02',9.83333,1.99,3.9774,1.56131,2.76385),(1100,'2021-04-02',19.9948,1.54379,3.28384,0.85394,2.85457),(1101,'2021-04-02',10.0333,2.88333,4.4774,2.54169,2.73887),(1102,'2021-04-02',18.5964,1.28929,3.37288,0.565824,2.35949),(1103,'2021-04-02',19.4143,1.82143,3.14954,1.34543,1.78806),(1104,'2021-04-02',16.6,2.8875,4.31704,2.44633,6.11665),(1105,'2021-04-02',26.6537,2.82543,5.0435,2.77061,2.89394),(1106,'2021-04-02',21.7183,2.48733,5.30893,1.95267,2.45863),(1107,'2021-04-02',16.4857,2.29429,4.13931,1.895,4.21187),(1108,'2021-04-02',16.0156,1.51625,3.22391,1.0481,2.55831),(1109,'2021-04-01',9.75,2.675,4.0634,2.33862,3.6083),(1110,'2021-04-01',0,0,0,0,0),(1111,'2021-04-01',18.1,2.60833,4.12673,2.58208,3.01663),(1112,'2021-04-01',20.0717,2.81642,4.00472,2.78006,2.84399),(1113,'2021-04-01',21.3176,2.13176,3.72852,1.54553,3.23722),(1114,'2021-04-01',8.5,2.88,3.54381,2.24574,6.25),(1115,'2021-04-01',22.0042,2.19615,4.21914,1.64029,2.38479),(1116,'2021-04-01',25.855,1.172,2.3864,0.431954,3.57164),(1117,'2021-04-01',23.7446,1.46679,2.64483,0.794948,2.57556),(1118,'2021-04-01',16.8778,2.47333,3.6727,1.90902,5.67034),(1119,'2021-04-01',18.88,1.39914,2.98953,0.899675,2.10758);
/*!40000 ALTER TABLE `fact_orders` ENABLE KEYS */;
UNLOCK TABLES;

--
-- Table structure for table `fact_ratings`
--

DROP TABLE IF EXISTS `fact_ratings`;
/*!40101 SET @saved_cs_client     = @@character_set_client */;
/*!50503 SET character_set_client = utf8mb4 */;
CREATE TABLE `fact_ratings` (
  `store_code` varchar(50) DEFAULT NULL,
  `week` varchar(50) DEFAULT NULL,
  `wrong_or_missing_products` int DEFAULT NULL,
  `packaging_issues` int DEFAULT NULL,
  `allergy_not_considered` int DEFAULT NULL,
  `poor_quality` int DEFAULT NULL,
  KEY `store_code` (`store_code`),
  KEY `week` (`week`),
  CONSTRAINT `fact_ratings_ibfk_1` FOREIGN KEY (`store_code`) REFERENCES `dim_store` (`store_code`),
  CONSTRAINT `fact_ratings_ibfk_2` FOREIGN KEY (`week`) REFERENCES `dim_time` (`week`)
) ENGINE=InnoDB DEFAULT CHARSET=utf8mb4 COLLATE=utf8mb4_0900_ai_ci;
/*!40101 SET character_set_client = @saved_cs_client */;

--
-- Dumping data for table `fact_ratings`
--

LOCK TABLES `fact_ratings` WRITE;
/*!40000 ALTER TABLE `fact_ratings` DISABLE KEYS */;
INSERT INTO `fact_ratings` VALUES ('105408','2021-13',5,0,0,3),('248266','2021-13',6,0,0,1),('259875','2021-13',4,0,0,1),('259875','2021-13',4,2,0,2),('259875','2021-13',5,0,0,1),('259875','2021-13',5,0,0,0),('264651','2021-13',6,0,0,0),('264651','2021-13',2,0,0,0),('264651','2021-13',2,0,0,0),('264652','2021-13',0,0,0,0),('34310','2021-13',0,0,0,0),('34310','2021-13',3,0,0,0),('46515','2021-13',1,1,0,0),('61499','2021-13',0,0,0,0),('61499','2021-13',2,0,0,0),('74118','2021-13',0,0,0,0),('74119','2021-13',4,1,0,1),('105408','2021-14',0,0,0,0),('105408','2021-14',5,0,0,2),('205036','2021-14',0,0,0,0),('248266','2021-14',0,1,0,1),('259875','2021-14',4,0,0,0),('259875','2021-14',1,0,0,0),('264652','2021-14',0,0,0,0),('264652','2021-14',5,1,0,0),('61499','2021-14',8,0,0,0),('61499','2021-14',0,0,0,0),('61499','2021-14',1,0,0,0),('65231','2021-14',2,0,0,0),('65231','2021-14',2,0,0,0),('66944','2021-14',0,0,0,0),('74118','2021-14',5,0,0,0),('74118','2021-14',2,0,0,0),('74118','2021-14',1,0,0,1),('74119','2021-14',2,0,0,0),('74119','2021-14',3,0,0,0),('105408','2021-15',0,0,0,0),('105408','2021-15',1,0,0,0),('205036','2021-15',3,0,1,0),('205036','2021-15',1,0,0,0),('259875','2021-15',3,0,0,0),('259875','2021-15',3,0,0,1),('264651','2021-15',6,1,0,1),('264651','2021-15',12,1,2,0),('264651','2021-15',4,0,0,0),('264652','2021-15',3,0,0,0),('264652','2021-15',2,0,0,0),('34310','2021-15',2,0,0,0),('34310','2021-15',1,0,0,0),('61499','2021-15',0,0,0,0),('65231','2021-15',3,0,0,0),('65231','2021-15',2,0,0,1),('66944','2021-15',0,0,0,0),('66944','2021-15',2,0,0,0),('74118','2021-15',1,0,0,0),('74118','2021-15',1,0,0,0),('74119','2021-15',4,0,0,2),('105408','2021-16',0,0,0,1),('205036','2021-16',1,0,0,0),('248266','2021-16',6,1,0,0),('248266','2021-16',2,0,0,0),('259875','2021-16',1,0,0,0),('259875','2021-16',3,0,0,1),('264651','2021-16',3,0,0,0),('264652','2021-16',1,0,0,0),('264652','2021-16',6,0,0,1),('264652','2021-16',0,0,0,0),('34310','2021-16',2,0,0,0),('34310','2021-16',2,0,0,0),('34310','2021-16',0,0,0,0),('46515','2021-16',0,0,0,0),('61499','2021-16',2,1,0,1),('61499','2021-16',3,0,1,0),('65231','2021-16',2,0,0,2),('65231','2021-16',3,0,0,0),('65231','2021-16',0,0,0,0),('66944','2021-16',0,0,0,0),('74119','2021-16',4,0,0,0),('205036','2021-17',2,0,1,0),('248266','2021-17',2,0,0,0),('248266','2021-17',1,0,0,0),('248266','2021-17',1,0,0,0),('259875','2021-17',10,0,0,0),('259875','2021-17',2,0,0,0),('264651','2021-17',1,0,0,0),('264652','2021-17',3,0,1,1),('264652','2021-17',1,0,0,0),('34310','2021-17',1,0,0,0),('34310','2021-17',2,0,0,0),('46515','2021-17',1,0,1,0),('46515','2021-17',6,0,0,0),('65231','2021-17',0,0,0,0),('65231','2021-17',0,0,0,0),('65231','2021-17',3,0,0,0),('66944','2021-17',1,0,0,1),('66944','2021-17',0,0,0,0),('66944','2021-17',15,0,0,0),('74119','2021-17',6,0,0,0),('74119','2021-17',9,0,0,1),('74119','2021-17',2,0,0,0),('205036','2021-18',1,0,0,1),('248266','2021-18',1,0,0,1),('248266','2021-18',3,0,2,0),('248266','2021-18',3,0,0,1),('259875','2021-18',4,0,0,1),('259875','2021-18',3,0,1,0),('259875','2021-18',2,0,0,0),('259875','2021-18',3,0,0,0),('264651','2021-18',1,0,0,0),('264652','2021-18',1,0,0,0),('264652','2021-18',0,0,0,0),('264652','2021-18',5,0,0,0),('34310','2021-18',7,0,0,0),('34310','2021-18',8,0,0,0),('46515','2021-18',1,0,0,0),('65231','2021-18',7,0,0,1),('66944','2021-18',3,0,0,0),('7053','2021-18',0,0,0,0),('7053','2021-18',5,0,0,0),('74118','2021-18',2,0,0,0),('74118','2021-18',3,0,0,0),('74119','2021-18',5,0,0,1),('105408','2021-19',3,0,0,0),('205036','2021-19',0,0,0,0),('205036','2021-19',3,0,0,0),('248266','2021-19',4,0,0,0),('259875','2021-19',4,0,0,0),('264651','2021-19',30,0,0,1),('264651','2021-19',2,0,0,1),('264652','2021-19',3,0,0,0),('34310','2021-19',0,0,0,0),('34310','2021-19',4,0,0,1),('34310','2021-19',1,0,0,0),('34310','2021-19',6,0,0,1),('34310','2021-19',4,0,0,0),('46515','2021-19',4,0,0,1),('61499','2021-19',14,0,0,0),('65231','2021-19',3,0,0,1),('65231','2021-19',1,0,0,0),('65231','2021-19',1,0,0,0),('65231','2021-19',1,0,0,0),('66944','2021-19',5,0,0,0),('74118','2021-19',1,0,0,0),('74119','2021-19',3,0,0,0),('74119','2021-19',2,0,0,0),('105408','2021-20',0,0,0,0),('105408','2021-20',2,0,0,0),('205036','2021-20',5,0,0,3),('205036','2021-20',4,0,0,1),('259875','2021-20',1,0,0,1),('264651','2021-20',1,0,0,0),('264651','2021-20',1,0,0,0),('264652','2021-20',0,0,0,0),('34310','2021-20',1,0,0,0),('34310','2021-20',4,0,0,0),('46515','2021-20',5,0,0,0),('46515','2021-20',0,0,0,0),('61499','2021-20',12,0,0,0),('61499','2021-20',1,0,0,0),('61499','2021-20',10,0,0,0),('65231','2021-20',0,0,0,1),('66944','2021-20',2,0,0,0),('74119','2021-20',1,0,1,0),('74119','2021-20',0,0,0,1),('105408','2021-21',15,0,0,0),('105408','2021-21',3,0,0,0),('105408','2021-21',3,0,0,0),('205036','2021-21',1,0,0,0),('248266','2021-21',1,0,0,0),('248266','2021-21',2,0,0,1),('248266','2021-21',6,0,0,0),('259875','2021-21',2,0,0,0),('259875','2021-21',0,0,1,0),('259875','2021-21',1,0,0,0),('264651','2021-21',1,0,0,0),('46515','2021-21',0,0,0,0),('46515','2021-21',0,0,0,0),('61499','2021-21',2,0,0,0),('66944','2021-21',0,0,0,0),('74118','2021-21',1,0,0,0),('74118','2021-21',6,0,0,0),('74119','2021-21',27,0,0,0),('74119','2021-21',1,0,0,1),('74119','2021-21',2,0,1,1),('74119','2021-21',0,0,0,0),('105408','2021-22',20,0,0,1),('248266','2021-22',1,0,0,0),('248266','2021-22',0,0,0,0),('248266','2021-22',13,0,0,1),('259875','2021-22',0,0,0,0),('259875','2021-22',5,0,0,1),('264651','2021-22',1,0,0,1),('34310','2021-22',2,0,0,0),('61499','2021-22',3,0,0,0),('61499','2021-22',3,0,0,0),('66944','2021-22',3,0,0,0),('66944','2021-22',2,0,0,0),('74119','2021-22',2,0,0,0),('74119','2021-22',1,0,0,1),('74119','2021-22',6,0,1,1),('74119','2021-22',0,0,0,0);
/*!40000 ALTER TABLE `fact_ratings` ENABLE KEYS */;
UNLOCK TABLES;
/*!40103 SET TIME_ZONE=@OLD_TIME_ZONE */;

/*!40101 SET SQL_MODE=@OLD_SQL_MODE */;
/*!40014 SET FOREIGN_KEY_CHECKS=@OLD_FOREIGN_KEY_CHECKS */;
/*!40014 SET UNIQUE_CHECKS=@OLD_UNIQUE_CHECKS */;
/*!40101 SET CHARACTER_SET_CLIENT=@OLD_CHARACTER_SET_CLIENT */;
/*!40101 SET CHARACTER_SET_RESULTS=@OLD_CHARACTER_SET_RESULTS */;
/*!40101 SET COLLATION_CONNECTION=@OLD_COLLATION_CONNECTION */;
/*!40111 SET SQL_NOTES=@OLD_SQL_NOTES */;

-- Dump completed on 2025-01-26 13:14:05
